id,cargoType,cargoDescription,originSido,originSigungu,destinationSido,destinationSigungu,weightTon,offeredFareKrw,loadingAt,unloadingAt,status
freight-001,REFRIGERATED,냉장식품,서울특별시,송파구,부산광역시,강서구,5,500000,2026-08-13T08:00:00+09:00,2026-08-13T15:00:00+09:00,PENDING
freight-002,REFRIGERATED,유제품,서울특별시,송파구,부산광역시,강서구,5,760000,2026-08-13T10:00:00+09:00,2026-08-13T18:00:00+09:00,PENDING
freight-003,GENERAL,생활용품,서울특별시,강동구,부산광역시,강서구,5,650000,2026-08-13T09:00:00+09:00,2026-08-13T17:00:00+09:00,PENDING
freight-004,FROZEN,냉동수산물,서울특별시,강남구,부산광역시,해운대구,4,700000,2026-08-13T06:00:00+09:00,2026-08-13T14:00:00+09:00,PENDING
freight-005,GENERAL,포장박스,서울특별시,마포구,인천광역시,부평구,1,140000,2026-08-13T11:00:00+09:00,2026-08-13T13:00:00+09:00,PENDING
freight-006,GENERAL,전자부품,경기도,수원시,서울특별시,송파구,2.5,330000,2026-08-13T08:00:00+09:00,2026-08-13T11:00:00+09:00,PENDING
freight-007,CONSTRUCTION,철근,경기도,화성시,충청남도,당진시,11,310000,2026-08-13T07:00:00+09:00,2026-08-13T12:00:00+09:00,PENDING
freight-008,GENERAL,화장지,인천광역시,서구,대전광역시,유성구,3.5,360000,2026-08-13T09:00:00+09:00,2026-08-13T14:00:00+09:00,PENDING
freight-009,REFRIGERATED,신선채소,경기도,평택시,부산광역시,사상구,5,610000,2026-08-13T05:00:00+09:00,2026-08-13T14:00:00+09:00,PENDING
freight-010,GENERAL,공산품,대전광역시,유성구,경기도,수원시,4,390000,2026-08-13T08:00:00+09:00,2026-08-13T13:00:00+09:00,PENDING
freight-011,GENERAL,자동차부품,울산광역시,남구,대구광역시,달서구,3,290000,2026-08-13T10:00:00+09:00,2026-08-13T13:00:00+09:00,PENDING
freight-012,REFRIGERATED,과일,대구광역시,달서구,경상북도,포항시,2,260000,2026-08-13T07:00:00+09:00,2026-08-13T11:00:00+09:00,PENDING
freight-013,GENERAL,산업자재,경상남도,창원시,부산광역시,강서구,4,230000,2026-08-13T09:00:00+09:00,2026-08-13T12:00:00+09:00,PENDING
freight-014,FROZEN,냉동만두,강원특별자치도,원주시,서울특별시,강남구,2.5,340000,2026-08-13T04:00:00+09:00,2026-08-13T08:00:00+09:00,PENDING
freight-015,CONSTRUCTION,시멘트,충청북도,청주시,세종특별자치시,세종시,10,210000,2026-08-13T06:00:00+09:00,2026-08-13T09:00:00+09:00,PENDING
freight-016,GENERAL,식자재상자,충청남도,천안시,서울특별시,송파구,3,310000,2026-08-13T08:00:00+09:00,2026-08-13T11:00:00+09:00,PENDING
freight-017,HAZARDOUS,산업용용제,인천광역시,중구,울산광역시,남구,8,680000,2026-08-13T05:00:00+09:00,2026-08-13T13:00:00+09:00,PENDING
freight-018,GENERAL,가구,전라북도,전주시,대전광역시,유성구,4,280000,2026-08-13T10:00:00+09:00,2026-08-13T14:00:00+09:00,PENDING
freight-019,GENERAL,농산물상자,광주광역시,광산구,전라남도,여수시,5,300000,2026-08-13T06:00:00+09:00,2026-08-13T11:00:00+09:00,PENDING
freight-020,GENERAL,포장재,전라남도,순천시,광주광역시,북구,2,250000,2026-08-13T09:00:00+09:00,2026-08-13T12:00:00+09:00,PENDING
freight-021,GENERAL,가전제품,경상북도,구미시,대구광역시,북구,3,220000,2026-08-13T08:00:00+09:00,2026-08-13T11:00:00+09:00,PENDING
freight-022,GENERAL,기계부품,세종특별자치시,세종시,충청남도,아산시,2.5,210000,2026-08-13T11:00:00+09:00,2026-08-13T14:00:00+09:00,PENDING
freight-023,REFRIGERATED,냉장육,부산광역시,사상구,경상남도,김해시,2,230000,2026-08-13T05:00:00+09:00,2026-08-13T08:00:00+09:00,PENDING
freight-024,GENERAL,택배상자,경기도,고양시,서울특별시,마포구,1.5,180000,2026-08-13T13:00:00+09:00,2026-08-13T15:00:00+09:00,PENDING
freight-025,GENERAL,의류,서울특별시,강서구,인천광역시,연수구,1,170000,2026-08-13T14:00:00+09:00,2026-08-13T16:00:00+09:00,PENDING
freight-026,CONSTRUCTION,합판,강원특별자치도,춘천시,경기도,남양주시,6,240000,2026-08-13T07:00:00+09:00,2026-08-13T11:00:00+09:00,PENDING
freight-027,GENERAL,건축자재,경기도,성남시,충청북도,청주시,4,320000,2026-08-13T08:00:00+09:00,2026-08-13T12:00:00+09:00,PENDING
freight-028,REFRIGERATED,유제품,서울특별시,강동구,부산광역시,해운대구,5,590000,2026-08-13T07:00:00+09:00,2026-08-13T16:00:00+09:00,PENDING
freight-029,GENERAL,철물,대전광역시,동구,대구광역시,동구,4,340000,2026-08-13T09:00:00+09:00,2026-08-13T14:00:00+09:00,PENDING
freight-030,CONSTRUCTION,배관자재,경기도,화성시,충청남도,당진시,7,300000,2026-08-13T06:00:00+09:00,2026-08-13T11:00:00+09:00,PENDING
freight-031,GENERAL,냉장고,경기도,용인시,대전광역시,서구,4,400000,2026-08-13T08:00:00+09:00,2026-08-13T14:00:00+09:00,PENDING
freight-032,GENERAL,제지,경상남도,진주시,전라남도,광양시,5,330000,2026-08-13T07:00:00+09:00,2026-08-13T12:00:00+09:00,PENDING
freight-033,REFRIGERATED,냉장음료,서울특별시,강남구,강원특별자치도,원주시,3,350000,2026-08-13T05:00:00+09:00,2026-08-13T09:00:00+09:00,PENDING
freight-034,GENERAL,생활잡화,경기도,남양주시,강원특별자치도,춘천시,2,220000,2026-08-13T10:00:00+09:00,2026-08-13T13:00:00+09:00,PENDING
freight-035,CONSTRUCTION,골재,대구광역시,북구,부산광역시,기장군,12,270000,2026-08-13T06:00:00+09:00,2026-08-13T11:00:00+09:00,PENDING
freight-036,GENERAL,전자상거래상품,부산광역시,해운대구,울산광역시,동구,2,190000,2026-08-13T11:00:00+09:00,2026-08-13T14:00:00+09:00,PENDING
freight-037,REFRIGERATED,냉장식품,서울특별시,송파구,부산광역시,강서구,5,420000,2026-08-13T12:00:00+09:00,2026-08-13T20:00:00+09:00,PENDING
freight-038,GENERAL,생활용품,서울특별시,송파구,부산광역시,강서구,5,530000,2026-08-13T13:00:00+09:00,2026-08-13T21:00:00+09:00,PENDING
freight-039,REFRIGERATED,신선채소,서울특별시,송파구,부산광역시,사상구,4.5,560000,2026-08-14T05:00:00+09:00,2026-08-14T13:00:00+09:00,PENDING
freight-040,GENERAL,공산품,서울특별시,송파구,부산광역시,강서구,3,610000,2026-08-14T08:00:00+09:00,2026-08-14T16:00:00+09:00,PENDING
freight-041,REFRIGERATED,냉장육,서울특별시,송파구,부산광역시,강서구,5,730000,2026-08-14T06:00:00+09:00,2026-08-14T14:00:00+09:00,PENDING
freight-042,GENERAL,의류,서울특별시,송파구,부산광역시,해운대구,4,580000,2026-08-14T10:00:00+09:00,2026-08-14T18:00:00+09:00,PENDING
freight-043,FROZEN,냉동식품,서울특별시,송파구,부산광역시,강서구,4,690000,2026-08-14T04:00:00+09:00,2026-08-14T12:00:00+09:00,PENDING
freight-044,REFRIGERATED,수입과일,서울특별시,송파구,부산광역시,강서구,5,390000,2026-08-14T07:00:00+09:00,2026-08-14T15:00:00+09:00,PENDING
freight-045,GENERAL,생활용품,서울특별시,송파구,부산광역시,강서구,5,680000,2026-08-14T09:00:00+09:00,2026-08-14T17:00:00+09:00,PENDING
freight-046,REFRIGERATED,냉장음료,서울특별시,송파구,부산광역시,강서구,3,470000,2026-08-14T11:00:00+09:00,2026-08-14T19:00:00+09:00,PENDING
freight-047,GENERAL,포장박스,서울특별시,송파구,부산광역시,사상구,4,510000,2026-08-14T12:00:00+09:00,2026-08-14T20:00:00+09:00,PENDING
freight-048,REFRIGERATED,냉장식품,서울특별시,강동구,부산광역시,강서구,5,520000,2026-08-14T08:00:00+09:00,2026-08-14T16:00:00+09:00,PENDING
freight-049,GENERAL,전자부품,서울특별시,강남구,부산광역시,강서구,4,600000,2026-08-14T09:00:00+09:00,2026-08-14T17:00:00+09:00,PENDING
freight-050,REFRIGERATED,냉장유제품,서울특별시,마포구,부산광역시,강서구,4,540000,2026-08-14T06:00:00+09:00,2026-08-14T14:00:00+09:00,PENDING
freight-051,GENERAL,공산품,서울특별시,송파구,부산광역시,강서구,4,720000,2026-08-14T13:00:00+09:00,2026-08-14T21:00:00+09:00,PENDING
freight-052,REFRIGERATED,냉장식품,서울특별시,송파구,부산광역시,강서구,5,450000,2026-08-15T05:00:00+09:00,2026-08-15T13:00:00+09:00,PENDING
freight-053,GENERAL,생활잡화,서울특별시,강동구,부산광역시,강서구,3,490000,2026-08-15T07:00:00+09:00,2026-08-15T15:00:00+09:00,PENDING
freight-054,REFRIGERATED,신선식품,서울특별시,송파구,부산광역시,강서구,5,800000,2026-08-15T06:00:00+09:00,2026-08-15T14:00:00+09:00,PENDING
freight-055,GENERAL,가구,서울특별시,송파구,부산광역시,사상구,4,550000,2026-08-15T10:00:00+09:00,2026-08-15T18:00:00+09:00,PENDING
freight-056,FROZEN,냉동수산물,서울특별시,송파구,부산광역시,강서구,4,740000,2026-08-15T04:00:00+09:00,2026-08-15T12:00:00+09:00,PENDING
freight-057,REFRIGERATED,냉장육,서울특별시,송파구,부산광역시,강서구,5,510000,2026-08-15T09:00:00+09:00,2026-08-15T17:00:00+09:00,PENDING
freight-058,GENERAL,전자상거래상품,서울특별시,송파구,부산광역시,강서구,2.5,430000,2026-08-15T11:00:00+09:00,2026-08-15T19:00:00+09:00,PENDING
freight-059,REFRIGERATED,유제품,서울특별시,송파구,부산광역시,해운대구,4,570000,2026-08-15T08:00:00+09:00,2026-08-15T16:00:00+09:00,PENDING
freight-060,GENERAL,포장재,서울특별시,송파구,부산광역시,강서구,3.5,640000,2026-08-15T12:00:00+09:00,2026-08-15T20:00:00+09:00,PENDING
freight-061,REFRIGERATED,신선식품-01,서울특별시,송파구,부산광역시,강서구,4.5,780000,2026-08-13T10:00:00+09:00,2026-08-13T17:00:00+09:00,PENDING
freight-062,GENERAL,생활용품-01,서울특별시,송파구,부산광역시,강서구,4.5,800000,2026-08-14T11:00:00+09:00,2026-08-14T19:00:00+09:00,PENDING
freight-063,GENERAL,전자부품-01,서울특별시,강동구,부산광역시,강서구,3.5,450000,2026-08-15T12:00:00+09:00,2026-08-15T21:00:00+09:00,PENDING
freight-064,FROZEN,냉동수산물-01,서울특별시,강남구,부산광역시,해운대구,3.5,590000,2026-08-16T13:00:00+09:00,2026-08-16T15:00:00+09:00,PENDING
freight-065,GENERAL,포장박스-01,서울특별시,마포구,인천광역시,부평구,0.5,140000,2026-08-17T14:00:00+09:00,2026-08-17T17:00:00+09:00,PENDING
freight-066,GENERAL,기계부품-01,경기도,수원시,서울특별시,송파구,2,330000,2026-08-18T04:00:00+09:00,2026-08-18T08:00:00+09:00,PENDING
freight-067,CONSTRUCTION,철근-01,경기도,화성시,충청남도,당진시,10.5,320000,2026-08-19T05:00:00+09:00,2026-08-19T10:00:00+09:00,PENDING
freight-068,GENERAL,공산품-01,인천광역시,서구,대전광역시,유성구,3,410000,2026-08-20T06:00:00+09:00,2026-08-20T12:00:00+09:00,PENDING
freight-069,REFRIGERATED,신선채소-01,경기도,평택시,부산광역시,사상구,4.5,770000,2026-08-21T07:00:00+09:00,2026-08-21T14:00:00+09:00,PENDING
freight-070,GENERAL,자동차부품-01,대전광역시,유성구,경기도,수원시,3.5,280000,2026-08-22T08:00:00+09:00,2026-08-22T16:00:00+09:00,PENDING
freight-071,GENERAL,산업자재-01,울산광역시,남구,대구광역시,달서구,2.5,230000,2026-08-13T09:00:00+09:00,2026-08-13T18:00:00+09:00,PENDING
freight-072,REFRIGERATED,과일-01,대구광역시,달서구,경상북도,포항시,1.5,240000,2026-08-14T10:00:00+09:00,2026-08-14T12:00:00+09:00,PENDING
freight-073,GENERAL,택배상자-01,경상남도,창원시,부산광역시,강서구,3.5,240000,2026-08-15T11:00:00+09:00,2026-08-15T14:00:00+09:00,PENDING
freight-074,FROZEN,냉동만두-01,강원특별자치도,원주시,서울특별시,강남구,2,360000,2026-08-16T12:00:00+09:00,2026-08-16T16:00:00+09:00,PENDING
freight-075,CONSTRUCTION,시멘트-01,충청북도,청주시,세종특별자치시,세종시,9.5,250000,2026-08-17T13:00:00+09:00,2026-08-17T18:00:00+09:00,PENDING
freight-076,GENERAL,식자재상자-01,충청남도,천안시,서울특별시,송파구,2.5,390000,2026-08-18T14:00:00+09:00,2026-08-18T20:00:00+09:00,PENDING
freight-077,HAZARDOUS,산업용용제-01,인천광역시,중구,울산광역시,남구,7.5,490000,2026-08-19T04:00:00+09:00,2026-08-19T11:00:00+09:00,PENDING
freight-078,GENERAL,가구-01,전라북도,전주시,대전광역시,유성구,3.5,230000,2026-08-20T05:00:00+09:00,2026-08-20T13:00:00+09:00,PENDING
freight-079,GENERAL,농산물상자-01,광주광역시,광산구,전라남도,여수시,4.5,280000,2026-08-21T06:00:00+09:00,2026-08-21T15:00:00+09:00,PENDING
freight-080,GENERAL,포장재-01,전라남도,순천시,광주광역시,북구,1.5,250000,2026-08-22T07:00:00+09:00,2026-08-22T09:00:00+09:00,PENDING
freight-081,GENERAL,가전제품-01,경상북도,구미시,대구광역시,북구,2.5,240000,2026-08-13T08:00:00+09:00,2026-08-13T11:00:00+09:00,PENDING
freight-082,GENERAL,정밀부품-01,세종특별자치시,세종시,충청남도,아산시,2,250000,2026-08-14T09:00:00+09:00,2026-08-14T13:00:00+09:00,PENDING
freight-083,REFRIGERATED,냉장육-01,부산광역시,사상구,경상남도,김해시,1.5,300000,2026-08-15T10:00:00+09:00,2026-08-15T15:00:00+09:00,PENDING
freight-084,GENERAL,의류-01,경기도,고양시,서울특별시,마포구,1,140000,2026-08-16T11:00:00+09:00,2026-08-16T17:00:00+09:00,PENDING
freight-085,REFRIGERATED,신선식품-02,서울특별시,송파구,부산광역시,강서구,5,620000,2026-08-17T13:00:00+09:00,2026-08-17T20:00:00+09:00,PENDING
freight-086,GENERAL,생활용품-02,서울특별시,송파구,부산광역시,강서구,5,640000,2026-08-18T14:00:00+09:00,2026-08-18T22:00:00+09:00,PENDING
freight-087,GENERAL,전자부품-02,서울특별시,강동구,부산광역시,강서구,4,660000,2026-08-19T04:00:00+09:00,2026-08-19T13:00:00+09:00,PENDING
freight-088,FROZEN,냉동수산물-02,서울특별시,강남구,부산광역시,해운대구,4,820000,2026-08-20T05:00:00+09:00,2026-08-20T07:00:00+09:00,PENDING
freight-089,GENERAL,포장박스-02,서울특별시,마포구,인천광역시,부평구,1,190000,2026-08-21T06:00:00+09:00,2026-08-21T09:00:00+09:00,PENDING
freight-090,GENERAL,기계부품-02,경기도,수원시,서울특별시,송파구,2.5,240000,2026-08-22T07:00:00+09:00,2026-08-22T11:00:00+09:00,PENDING
freight-091,CONSTRUCTION,철근-02,경기도,화성시,충청남도,당진시,11,250000,2026-08-13T08:00:00+09:00,2026-08-13T13:00:00+09:00,PENDING
freight-092,GENERAL,공산품-02,인천광역시,서구,대전광역시,유성구,3.5,330000,2026-08-14T09:00:00+09:00,2026-08-14T15:00:00+09:00,PENDING
freight-093,REFRIGERATED,신선채소-02,경기도,평택시,부산광역시,사상구,5,610000,2026-08-15T10:00:00+09:00,2026-08-15T17:00:00+09:00,PENDING
freight-094,GENERAL,자동차부품-02,대전광역시,유성구,경기도,수원시,4,410000,2026-08-16T11:00:00+09:00,2026-08-16T19:00:00+09:00,PENDING
freight-095,GENERAL,산업자재-02,울산광역시,남구,대구광역시,달서구,3,320000,2026-08-17T12:00:00+09:00,2026-08-17T21:00:00+09:00,PENDING
freight-096,REFRIGERATED,과일-02,대구광역시,달서구,경상북도,포항시,2,330000,2026-08-18T13:00:00+09:00,2026-08-18T15:00:00+09:00,PENDING
freight-097,GENERAL,택배상자-02,경상남도,창원시,부산광역시,강서구,4,170000,2026-08-19T14:00:00+09:00,2026-08-19T17:00:00+09:00,PENDING
freight-098,FROZEN,냉동만두-02,강원특별자치도,원주시,서울특별시,강남구,2.5,280000,2026-08-20T04:00:00+09:00,2026-08-20T08:00:00+09:00,PENDING
freight-099,CONSTRUCTION,시멘트-02,충청북도,청주시,세종특별자치시,세종시,10,200000,2026-08-21T05:00:00+09:00,2026-08-21T10:00:00+09:00,PENDING
freight-100,GENERAL,식자재상자-02,충청남도,천안시,서울특별시,송파구,3,310000,2026-08-22T06:00:00+09:00,2026-08-22T12:00:00+09:00,PENDING
freight-101,HAZARDOUS,산업용용제-02,인천광역시,중구,울산광역시,남구,8,720000,2026-08-13T07:00:00+09:00,2026-08-13T14:00:00+09:00,PENDING
freight-102,GENERAL,가구-02,전라북도,전주시,대전광역시,유성구,4,320000,2026-08-14T08:00:00+09:00,2026-08-14T16:00:00+09:00,PENDING
freight-103,GENERAL,농산물상자-02,광주광역시,광산구,전라남도,여수시,5,380000,2026-08-15T09:00:00+09:00,2026-08-15T18:00:00+09:00,PENDING
freight-104,GENERAL,포장재-02,전라남도,순천시,광주광역시,북구,2,180000,2026-08-16T10:00:00+09:00,2026-08-16T12:00:00+09:00,PENDING
freight-105,GENERAL,가전제품-02,경상북도,구미시,대구광역시,북구,3,190000,2026-08-17T11:00:00+09:00,2026-08-17T14:00:00+09:00,PENDING
freight-106,GENERAL,정밀부품-02,세종특별자치시,세종시,충청남도,아산시,2.5,200000,2026-08-18T12:00:00+09:00,2026-08-18T16:00:00+09:00,PENDING
freight-107,REFRIGERATED,냉장육-02,부산광역시,사상구,경상남도,김해시,2,240000,2026-08-19T13:00:00+09:00,2026-08-19T18:00:00+09:00,PENDING
freight-108,GENERAL,의류-02,경기도,고양시,서울특별시,마포구,1.5,200000,2026-08-20T14:00:00+09:00,2026-08-20T20:00:00+09:00,PENDING
freight-109,REFRIGERATED,신선식품-03,서울특별시,송파구,부산광역시,강서구,5.5,850000,2026-08-21T05:00:00+09:00,2026-08-21T12:00:00+09:00,PENDING
freight-110,GENERAL,생활용품-03,서울특별시,송파구,부산광역시,강서구,5.5,460000,2026-08-22T06:00:00+09:00,2026-08-22T14:00:00+09:00,PENDING
freight-111,GENERAL,전자부품-03,서울특별시,강동구,부산광역시,강서구,4.5,510000,2026-08-13T07:00:00+09:00,2026-08-13T16:00:00+09:00,PENDING
freight-112,FROZEN,냉동수산물-03,서울특별시,강남구,부산광역시,해운대구,4.5,650000,2026-08-14T08:00:00+09:00,2026-08-14T10:00:00+09:00,PENDING
freight-113,GENERAL,포장박스-03,서울특별시,마포구,인천광역시,부평구,1.5,150000,2026-08-15T09:00:00+09:00,2026-08-15T12:00:00+09:00,PENDING
freight-114,GENERAL,기계부품-03,경기도,수원시,서울특별시,송파구,3,350000,2026-08-16T10:00:00+09:00,2026-08-16T14:00:00+09:00,PENDING
freight-115,CONSTRUCTION,철근-03,경기도,화성시,충청남도,당진시,11.5,350000,2026-08-17T11:00:00+09:00,2026-08-17T16:00:00+09:00,PENDING
freight-116,GENERAL,공산품-03,인천광역시,서구,대전광역시,유성구,4,450000,2026-08-18T12:00:00+09:00,2026-08-18T18:00:00+09:00,PENDING
freight-117,REFRIGERATED,신선채소-03,경기도,평택시,부산광역시,사상구,5.5,440000,2026-08-19T13:00:00+09:00,2026-08-19T20:00:00+09:00,PENDING
freight-118,GENERAL,자동차부품-03,대전광역시,유성구,경기도,수원시,4.5,320000,2026-08-20T14:00:00+09:00,2026-08-20T22:00:00+09:00,PENDING
freight-119,GENERAL,산업자재-03,울산광역시,남구,대구광역시,달서구,3.5,260000,2026-08-21T04:00:00+09:00,2026-08-21T13:00:00+09:00,PENDING
freight-120,REFRIGERATED,과일-03,대구광역시,달서구,경상북도,포항시,2.5,260000,2026-08-22T05:00:00+09:00,2026-08-22T07:00:00+09:00,PENDING
freight-121,GENERAL,택배상자-03,경상남도,창원시,부산광역시,강서구,4.5,250000,2026-08-13T06:00:00+09:00,2026-08-13T09:00:00+09:00,PENDING
freight-122,FROZEN,냉동만두-03,강원특별자치도,원주시,서울특별시,강남구,3,390000,2026-08-14T07:00:00+09:00,2026-08-14T11:00:00+09:00,PENDING
freight-123,CONSTRUCTION,시멘트-03,충청북도,청주시,세종특별자치시,세종시,10.5,270000,2026-08-15T08:00:00+09:00,2026-08-15T13:00:00+09:00,PENDING
freight-124,GENERAL,식자재상자-03,충청남도,천안시,서울특별시,송파구,3.5,220000,2026-08-16T09:00:00+09:00,2026-08-16T15:00:00+09:00,PENDING
freight-125,HAZARDOUS,산업용용제-03,인천광역시,중구,울산광역시,남구,8.5,560000,2026-08-17T10:00:00+09:00,2026-08-17T17:00:00+09:00,PENDING
freight-126,GENERAL,가구-03,전라북도,전주시,대전광역시,유성구,4.5,260000,2026-08-18T11:00:00+09:00,2026-08-18T19:00:00+09:00,PENDING
freight-127,GENERAL,농산물상자-03,광주광역시,광산구,전라남도,여수시,5.5,300000,2026-08-19T12:00:00+09:00,2026-08-19T21:00:00+09:00,PENDING
freight-128,GENERAL,포장재-03,전라남도,순천시,광주광역시,북구,2.5,270000,2026-08-20T13:00:00+09:00,2026-08-20T15:00:00+09:00,PENDING
freight-129,GENERAL,가전제품-03,경상북도,구미시,대구광역시,북구,3.5,260000,2026-08-21T14:00:00+09:00,2026-08-21T17:00:00+09:00,PENDING
freight-130,GENERAL,정밀부품-03,세종특별자치시,세종시,충청남도,아산시,3,270000,2026-08-22T04:00:00+09:00,2026-08-22T08:00:00+09:00,PENDING
freight-131,REFRIGERATED,냉장육-03,부산광역시,사상구,경상남도,김해시,2.5,170000,2026-08-13T05:00:00+09:00,2026-08-13T10:00:00+09:00,PENDING
freight-132,GENERAL,의류-03,경기도,고양시,서울특별시,마포구,2,160000,2026-08-14T06:00:00+09:00,2026-08-14T12:00:00+09:00,PENDING
freight-133,REFRIGERATED,신선식품-04,서울특별시,송파구,부산광역시,강서구,4.5,680000,2026-08-15T08:00:00+09:00,2026-08-15T15:00:00+09:00,PENDING
freight-134,GENERAL,생활용품-04,서울특별시,송파구,부산광역시,강서구,4.5,680000,2026-08-16T09:00:00+09:00,2026-08-16T17:00:00+09:00,PENDING
freight-135,GENERAL,전자부품-04,서울특별시,강동구,부산광역시,강서구,3.5,710000,2026-08-17T10:00:00+09:00,2026-08-17T19:00:00+09:00,PENDING
freight-136,FROZEN,냉동수산물-04,서울특별시,강남구,부산광역시,해운대구,3.5,900000,2026-08-18T11:00:00+09:00,2026-08-18T13:00:00+09:00,PENDING
freight-137,GENERAL,포장박스-04,서울특별시,마포구,인천광역시,부평구,0.5,110000,2026-08-19T12:00:00+09:00,2026-08-19T15:00:00+09:00,PENDING
freight-138,GENERAL,기계부품-04,경기도,수원시,서울특별시,송파구,2,270000,2026-08-20T13:00:00+09:00,2026-08-20T17:00:00+09:00,PENDING
freight-139,CONSTRUCTION,철근-04,경기도,화성시,충청남도,당진시,10.5,280000,2026-08-21T14:00:00+09:00,2026-08-21T19:00:00+09:00,PENDING
freight-140,GENERAL,공산품-04,인천광역시,서구,대전광역시,유성구,3,360000,2026-08-22T04:00:00+09:00,2026-08-22T10:00:00+09:00,PENDING
freight-141,REFRIGERATED,신선채소-04,경기도,평택시,부산광역시,사상구,4.5,650000,2026-08-13T05:00:00+09:00,2026-08-13T12:00:00+09:00,PENDING
freight-142,GENERAL,자동차부품-04,대전광역시,유성구,경기도,수원시,3.5,440000,2026-08-14T06:00:00+09:00,2026-08-14T14:00:00+09:00,PENDING
freight-143,GENERAL,산업자재-04,울산광역시,남구,대구광역시,달서구,2.5,350000,2026-08-15T07:00:00+09:00,2026-08-15T16:00:00+09:00,PENDING
freight-144,REFRIGERATED,과일-04,대구광역시,달서구,경상북도,포항시,1.5,190000,2026-08-16T08:00:00+09:00,2026-08-16T10:00:00+09:00,PENDING
freight-145,GENERAL,택배상자-04,경상남도,창원시,부산광역시,강서구,3.5,200000,2026-08-17T09:00:00+09:00,2026-08-17T12:00:00+09:00,PENDING
freight-146,FROZEN,냉동만두-04,강원특별자치도,원주시,서울특별시,강남구,2,310000,2026-08-18T10:00:00+09:00,2026-08-18T14:00:00+09:00,PENDING
freight-147,CONSTRUCTION,시멘트-04,충청북도,청주시,세종특별자치시,세종시,9.5,220000,2026-08-19T11:00:00+09:00,2026-08-19T16:00:00+09:00,PENDING
freight-148,GENERAL,식자재상자-04,충청남도,천안시,서울특별시,송파구,2.5,330000,2026-08-20T12:00:00+09:00,2026-08-20T18:00:00+09:00,PENDING
freight-149,HAZARDOUS,산업용용제-04,인천광역시,중구,울산광역시,남구,7.5,780000,2026-08-21T13:00:00+09:00,2026-08-21T20:00:00+09:00,PENDING
freight-150,GENERAL,가구-04,전라북도,전주시,대전광역시,유성구,3.5,350000,2026-08-22T14:00:00+09:00,2026-08-22T22:00:00+09:00,PENDING
freight-151,GENERAL,농산물상자-04,광주광역시,광산구,전라남도,여수시,4.5,220000,2026-08-13T04:00:00+09:00,2026-08-13T13:00:00+09:00,PENDING
freight-152,GENERAL,포장재-04,전라남도,순천시,광주광역시,북구,1.5,210000,2026-08-14T05:00:00+09:00,2026-08-14T07:00:00+09:00,PENDING
freight-153,GENERAL,가전제품-04,경상북도,구미시,대구광역시,북구,2.5,210000,2026-08-15T06:00:00+09:00,2026-08-15T09:00:00+09:00,PENDING
freight-154,GENERAL,정밀부품-04,세종특별자치시,세종시,충청남도,아산시,2,220000,2026-08-16T07:00:00+09:00,2026-08-16T11:00:00+09:00,PENDING
freight-155,REFRIGERATED,냉장육-04,부산광역시,사상구,경상남도,김해시,1.5,250000,2026-08-17T08:00:00+09:00,2026-08-17T13:00:00+09:00,PENDING
freight-156,GENERAL,의류-04,경기도,고양시,서울특별시,마포구,1,220000,2026-08-18T09:00:00+09:00,2026-08-18T15:00:00+09:00,PENDING
freight-157,REFRIGERATED,신선식품-05,서울특별시,송파구,부산광역시,강서구,5,490000,2026-08-19T11:00:00+09:00,2026-08-19T18:00:00+09:00,PENDING
freight-158,GENERAL,생활용품-05,서울특별시,송파구,부산광역시,강서구,5,530000,2026-08-20T12:00:00+09:00,2026-08-20T20:00:00+09:00,PENDING
freight-159,GENERAL,전자부품-05,서울특별시,강동구,부산광역시,강서구,4,570000,2026-08-21T13:00:00+09:00,2026-08-21T22:00:00+09:00,PENDING
freight-160,FROZEN,냉동수산물-05,서울특별시,강남구,부산광역시,해운대구,4,710000,2026-08-22T14:00:00+09:00,2026-08-22T16:00:00+09:00,PENDING
freight-161,GENERAL,포장박스-05,서울특별시,마포구,인천광역시,부평구,1,160000,2026-08-13T04:00:00+09:00,2026-08-13T07:00:00+09:00,PENDING
freight-162,GENERAL,기계부품-05,경기도,수원시,서울특별시,송파구,2.5,380000,2026-08-14T05:00:00+09:00,2026-08-14T09:00:00+09:00,PENDING
freight-163,CONSTRUCTION,철근-05,경기도,화성시,충청남도,당진시,11,380000,2026-08-15T06:00:00+09:00,2026-08-15T11:00:00+09:00,PENDING
freight-164,GENERAL,공산품-05,인천광역시,서구,대전광역시,유성구,3.5,260000,2026-08-16T07:00:00+09:00,2026-08-16T13:00:00+09:00,PENDING
freight-165,REFRIGERATED,신선채소-05,경기도,평택시,부산광역시,사상구,5,510000,2026-08-17T08:00:00+09:00,2026-08-17T15:00:00+09:00,PENDING
freight-166,GENERAL,자동차부품-05,대전광역시,유성구,경기도,수원시,4,350000,2026-08-18T09:00:00+09:00,2026-08-18T17:00:00+09:00,PENDING
freight-167,GENERAL,산업자재-05,울산광역시,남구,대구광역시,달서구,3,280000,2026-08-19T10:00:00+09:00,2026-08-19T19:00:00+09:00,PENDING
freight-168,REFRIGERATED,과일-05,대구광역시,달서구,경상북도,포항시,2,280000,2026-08-20T11:00:00+09:00,2026-08-20T13:00:00+09:00,PENDING
freight-169,GENERAL,택배상자-05,경상남도,창원시,부산광역시,강서구,4,270000,2026-08-21T12:00:00+09:00,2026-08-21T15:00:00+09:00,PENDING
freight-170,FROZEN,냉동만두-05,강원특별자치도,원주시,서울특별시,강남구,2.5,420000,2026-08-22T13:00:00+09:00,2026-08-22T17:00:00+09:00,PENDING
freight-171,CONSTRUCTION,시멘트-05,충청북도,청주시,세종특별자치시,세종시,10,160000,2026-08-13T14:00:00+09:00,2026-08-13T19:00:00+09:00,PENDING
freight-172,GENERAL,식자재상자-05,충청남도,천안시,서울특별시,송파구,3,260000,2026-08-14T04:00:00+09:00,2026-08-14T10:00:00+09:00,PENDING
freight-173,HAZARDOUS,산업용용제-05,인천광역시,중구,울산광역시,남구,8,620000,2026-08-15T05:00:00+09:00,2026-08-15T12:00:00+09:00,PENDING
freight-174,GENERAL,가구-05,전라북도,전주시,대전광역시,유성구,4,280000,2026-08-16T06:00:00+09:00,2026-08-16T14:00:00+09:00,PENDING
freight-175,GENERAL,농산물상자-05,광주광역시,광산구,전라남도,여수시,5,320000,2026-08-17T07:00:00+09:00,2026-08-17T16:00:00+09:00,PENDING
freight-176,GENERAL,포장재-05,전라남도,순천시,광주광역시,북구,2,290000,2026-08-18T08:00:00+09:00,2026-08-18T10:00:00+09:00,PENDING
freight-177,GENERAL,가전제품-05,경상북도,구미시,대구광역시,북구,3,280000,2026-08-19T09:00:00+09:00,2026-08-19T12:00:00+09:00,PENDING
freight-178,GENERAL,정밀부품-05,세종특별자치시,세종시,충청남도,아산시,2.5,160000,2026-08-20T10:00:00+09:00,2026-08-20T14:00:00+09:00,PENDING
freight-179,REFRIGERATED,냉장육-05,부산광역시,사상구,경상남도,김해시,2,200000,2026-08-21T11:00:00+09:00,2026-08-21T16:00:00+09:00,PENDING
freight-180,GENERAL,의류-05,경기도,고양시,서울특별시,마포구,1.5,170000,2026-08-22T12:00:00+09:00,2026-08-22T18:00:00+09:00,PENDING
freight-181,REFRIGERATED,신선식품-06,서울특별시,송파구,부산광역시,강서구,5.5,720000,2026-08-13T14:00:00+09:00,2026-08-13T21:00:00+09:00,PENDING
freight-182,GENERAL,생활용품-06,서울특별시,송파구,부산광역시,강서구,5.5,730000,2026-08-14T04:00:00+09:00,2026-08-14T12:00:00+09:00,PENDING
freight-183,GENERAL,전자부품-06,서울특별시,강동구,부산광역시,강서구,4.5,780000,2026-08-15T05:00:00+09:00,2026-08-15T14:00:00+09:00,PENDING
freight-184,FROZEN,냉동수산물-06,서울특별시,강남구,부산광역시,해운대구,4.5,520000,2026-08-16T06:00:00+09:00,2026-08-16T08:00:00+09:00,PENDING
freight-185,GENERAL,포장박스-06,서울특별시,마포구,인천광역시,부평구,1.5,120000,2026-08-17T07:00:00+09:00,2026-08-17T10:00:00+09:00,PENDING
freight-186,GENERAL,기계부품-06,경기도,수원시,서울특별시,송파구,3,300000,2026-08-18T08:00:00+09:00,2026-08-18T12:00:00+09:00,PENDING
freight-187,CONSTRUCTION,철근-06,경기도,화성시,충청남도,당진시,11.5,300000,2026-08-19T09:00:00+09:00,2026-08-19T14:00:00+09:00,PENDING
freight-188,GENERAL,공산품-06,인천광역시,서구,대전광역시,유성구,4,380000,2026-08-20T10:00:00+09:00,2026-08-20T16:00:00+09:00,PENDING
freight-189,REFRIGERATED,신선채소-06,경기도,평택시,부산광역시,사상구,5.5,700000,2026-08-21T11:00:00+09:00,2026-08-21T18:00:00+09:00,PENDING
freight-190,GENERAL,자동차부품-06,대전광역시,유성구,경기도,수원시,4.5,480000,2026-08-22T12:00:00+09:00,2026-08-22T20:00:00+09:00,PENDING
freight-191,GENERAL,산업자재-06,울산광역시,남구,대구광역시,달서구,3.5,200000,2026-08-13T13:00:00+09:00,2026-08-13T22:00:00+09:00,PENDING
freight-192,REFRIGERATED,과일-06,대구광역시,달서구,경상북도,포항시,2.5,220000,2026-08-14T14:00:00+09:00,2026-08-14T16:00:00+09:00,PENDING
freight-193,GENERAL,택배상자-06,경상남도,창원시,부산광역시,강서구,4.5,220000,2026-08-15T04:00:00+09:00,2026-08-15T07:00:00+09:00,PENDING
freight-194,FROZEN,냉동만두-06,강원특별자치도,원주시,서울특별시,강남구,3,340000,2026-08-16T05:00:00+09:00,2026-08-16T09:00:00+09:00,PENDING
freight-195,CONSTRUCTION,시멘트-06,충청북도,청주시,세종특별자치시,세종시,10.5,230000,2026-08-17T06:00:00+09:00,2026-08-17T11:00:00+09:00,PENDING
freight-196,GENERAL,식자재상자-06,충청남도,천안시,서울특별시,송파구,3.5,360000,2026-08-18T07:00:00+09:00,2026-08-18T13:00:00+09:00,PENDING
freight-197,HAZARDOUS,산업용용제-06,인천광역시,중구,울산광역시,남구,8.5,850000,2026-08-19T08:00:00+09:00,2026-08-19T15:00:00+09:00,PENDING
freight-198,GENERAL,가구-06,전라북도,전주시,대전광역시,유성구,4.5,200000,2026-08-20T09:00:00+09:00,2026-08-20T17:00:00+09:00,PENDING
freight-199,GENERAL,농산물상자-06,광주광역시,광산구,전라남도,여수시,5.5,250000,2026-08-21T10:00:00+09:00,2026-08-21T19:00:00+09:00,PENDING
freight-200,GENERAL,포장재-06,전라남도,순천시,광주광역시,북구,2.5,230000,2026-08-22T11:00:00+09:00,2026-08-22T13:00:00+09:00,PENDING
freight-201,GENERAL,가전제품-06,경상북도,구미시,대구광역시,북구,3.5,230000,2026-08-13T12:00:00+09:00,2026-08-13T15:00:00+09:00,PENDING
freight-202,GENERAL,정밀부품-06,세종특별자치시,세종시,충청남도,아산시,3,230000,2026-08-14T13:00:00+09:00,2026-08-14T17:00:00+09:00,PENDING
freight-203,REFRIGERATED,냉장육-06,부산광역시,사상구,경상남도,김해시,2.5,270000,2026-08-15T14:00:00+09:00,2026-08-15T19:00:00+09:00,PENDING
freight-204,GENERAL,의류-06,경기도,고양시,서울특별시,마포구,2,240000,2026-08-16T04:00:00+09:00,2026-08-16T10:00:00+09:00,PENDING
freight-205,REFRIGERATED,신선식품-07,서울특별시,송파구,부산광역시,강서구,4.5,560000,2026-08-17T06:00:00+09:00,2026-08-17T13:00:00+09:00,PENDING
freight-206,GENERAL,생활용품-07,서울특별시,송파구,부산광역시,강서구,4.5,580000,2026-08-18T07:00:00+09:00,2026-08-18T15:00:00+09:00,PENDING
freight-207,GENERAL,전자부품-07,서울특별시,강동구,부산광역시,강서구,3.5,620000,2026-08-19T08:00:00+09:00,2026-08-19T17:00:00+09:00,PENDING
freight-208,FROZEN,냉동수산물-07,서울특별시,강남구,부산광역시,해운대구,3.5,760000,2026-08-20T09:00:00+09:00,2026-08-20T11:00:00+09:00,PENDING
freight-209,GENERAL,포장박스-07,서울특별시,마포구,인천광역시,부평구,0.5,170000,2026-08-21T10:00:00+09:00,2026-08-21T13:00:00+09:00,PENDING
freight-210,GENERAL,기계부품-07,경기도,수원시,서울특별시,송파구,2,410000,2026-08-22T11:00:00+09:00,2026-08-22T15:00:00+09:00,PENDING
freight-211,CONSTRUCTION,철근-07,경기도,화성시,충청남도,당진시,10.5,220000,2026-08-13T12:00:00+09:00,2026-08-13T17:00:00+09:00,PENDING
freight-212,GENERAL,공산품-07,인천광역시,서구,대전광역시,유성구,3,300000,2026-08-14T13:00:00+09:00,2026-08-14T19:00:00+09:00,PENDING
freight-213,REFRIGERATED,신선채소-07,경기도,평택시,부산광역시,사상구,4.5,560000,2026-08-15T14:00:00+09:00,2026-08-15T21:00:00+09:00,PENDING
freight-214,GENERAL,자동차부품-07,대전광역시,유성구,경기도,수원시,3.5,390000,2026-08-16T04:00:00+09:00,2026-08-16T12:00:00+09:00,PENDING
freight-215,GENERAL,산업자재-07,울산광역시,남구,대구광역시,달서구,2.5,300000,2026-08-17T05:00:00+09:00,2026-08-17T14:00:00+09:00,PENDING
freight-216,REFRIGERATED,과일-07,대구광역시,달서구,경상북도,포항시,1.5,300000,2026-08-18T06:00:00+09:00,2026-08-18T08:00:00+09:00,PENDING
freight-217,GENERAL,택배상자-07,경상남도,창원시,부산광역시,강서구,3.5,300000,2026-08-19T07:00:00+09:00,2026-08-19T10:00:00+09:00,PENDING
freight-218,FROZEN,냉동만두-07,강원특별자치도,원주시,서울특별시,강남구,2,240000,2026-08-20T08:00:00+09:00,2026-08-20T12:00:00+09:00,PENDING
freight-219,CONSTRUCTION,시멘트-07,충청북도,청주시,세종특별자치시,세종시,9.5,180000,2026-08-21T09:00:00+09:00,2026-08-21T14:00:00+09:00,PENDING
freight-220,GENERAL,식자재상자-07,충청남도,천안시,서울특별시,송파구,2.5,280000,2026-08-22T10:00:00+09:00,2026-08-22T16:00:00+09:00,PENDING
freight-221,HAZARDOUS,산업용용제-07,인천광역시,중구,울산광역시,남구,7.5,680000,2026-08-13T11:00:00+09:00,2026-08-13T18:00:00+09:00,PENDING
freight-222,GENERAL,가구-07,전라북도,전주시,대전광역시,유성구,3.5,300000,2026-08-14T12:00:00+09:00,2026-08-14T20:00:00+09:00,PENDING
freight-223,GENERAL,농산물상자-07,광주광역시,광산구,전라남도,여수시,4.5,350000,2026-08-15T13:00:00+09:00,2026-08-15T22:00:00+09:00,PENDING
freight-224,GENERAL,포장재-07,전라남도,순천시,광주광역시,북구,1.5,320000,2026-08-16T14:00:00+09:00,2026-08-16T16:00:00+09:00,PENDING
freight-225,GENERAL,가전제품-07,경상북도,구미시,대구광역시,북구,2.5,160000,2026-08-17T04:00:00+09:00,2026-08-17T07:00:00+09:00,PENDING
freight-226,GENERAL,정밀부품-07,세종특별자치시,세종시,충청남도,아산시,2,180000,2026-08-18T05:00:00+09:00,2026-08-18T09:00:00+09:00,PENDING
freight-227,REFRIGERATED,냉장육-07,부산광역시,사상구,경상남도,김해시,1.5,220000,2026-08-19T06:00:00+09:00,2026-08-19T11:00:00+09:00,PENDING
freight-228,GENERAL,의류-07,경기도,고양시,서울특별시,마포구,1,190000,2026-08-20T07:00:00+09:00,2026-08-20T13:00:00+09:00,PENDING
freight-229,REFRIGERATED,신선식품-08,서울특별시,송파구,부산광역시,강서구,5,780000,2026-08-21T09:00:00+09:00,2026-08-21T16:00:00+09:00,PENDING
freight-230,GENERAL,생활용품-08,서울특별시,송파구,부산광역시,강서구,5,800000,2026-08-22T10:00:00+09:00,2026-08-22T18:00:00+09:00,PENDING
freight-231,GENERAL,전자부품-08,서울특별시,강동구,부산광역시,강서구,4,450000,2026-08-13T11:00:00+09:00,2026-08-13T20:00:00+09:00,PENDING
freight-232,FROZEN,냉동수산물-08,서울특별시,강남구,부산광역시,해운대구,4,590000,2026-08-14T12:00:00+09:00,2026-08-14T14:00:00+09:00,PENDING
freight-233,GENERAL,포장박스-08,서울특별시,마포구,인천광역시,부평구,1,140000,2026-08-15T13:00:00+09:00,2026-08-15T16:00:00+09:00,PENDING
freight-234,GENERAL,기계부품-08,경기도,수원시,서울특별시,송파구,2.5,330000,2026-08-16T14:00:00+09:00,2026-08-16T18:00:00+09:00,PENDING
freight-235,CONSTRUCTION,철근-08,경기도,화성시,충청남도,당진시,11,320000,2026-08-17T04:00:00+09:00,2026-08-17T09:00:00+09:00,PENDING
freight-236,GENERAL,공산품-08,인천광역시,서구,대전광역시,유성구,3.5,410000,2026-08-18T05:00:00+09:00,2026-08-18T11:00:00+09:00,PENDING
freight-237,REFRIGERATED,신선채소-08,경기도,평택시,부산광역시,사상구,5,770000,2026-08-19T06:00:00+09:00,2026-08-19T13:00:00+09:00,PENDING
freight-238,GENERAL,자동차부품-08,대전광역시,유성구,경기도,수원시,4,280000,2026-08-20T07:00:00+09:00,2026-08-20T15:00:00+09:00,PENDING
freight-239,GENERAL,산업자재-08,울산광역시,남구,대구광역시,달서구,3,230000,2026-08-21T08:00:00+09:00,2026-08-21T17:00:00+09:00,PENDING
freight-240,REFRIGERATED,과일-08,대구광역시,달서구,경상북도,포항시,2,240000,2026-08-22T09:00:00+09:00,2026-08-22T11:00:00+09:00,PENDING
freight-241,GENERAL,택배상자-08,경상남도,창원시,부산광역시,강서구,4,240000,2026-08-13T10:00:00+09:00,2026-08-13T13:00:00+09:00,PENDING
freight-242,FROZEN,냉동만두-08,강원특별자치도,원주시,서울특별시,강남구,2.5,360000,2026-08-14T11:00:00+09:00,2026-08-14T15:00:00+09:00,PENDING
freight-243,CONSTRUCTION,시멘트-08,충청북도,청주시,세종특별자치시,세종시,10,250000,2026-08-15T12:00:00+09:00,2026-08-15T17:00:00+09:00,PENDING
freight-244,GENERAL,식자재상자-08,충청남도,천안시,서울특별시,송파구,3,390000,2026-08-16T13:00:00+09:00,2026-08-16T19:00:00+09:00,PENDING
freight-245,HAZARDOUS,산업용용제-08,인천광역시,중구,울산광역시,남구,8,490000,2026-08-17T14:00:00+09:00,2026-08-17T21:00:00+09:00,PENDING
freight-246,GENERAL,가구-08,전라북도,전주시,대전광역시,유성구,4,230000,2026-08-18T04:00:00+09:00,2026-08-18T12:00:00+09:00,PENDING
freight-247,GENERAL,농산물상자-08,광주광역시,광산구,전라남도,여수시,5,280000,2026-08-19T05:00:00+09:00,2026-08-19T14:00:00+09:00,PENDING
freight-248,GENERAL,포장재-08,전라남도,순천시,광주광역시,북구,2,250000,2026-08-20T06:00:00+09:00,2026-08-20T08:00:00+09:00,PENDING
freight-249,GENERAL,가전제품-08,경상북도,구미시,대구광역시,북구,3,240000,2026-08-21T07:00:00+09:00,2026-08-21T10:00:00+09:00,PENDING
freight-250,GENERAL,정밀부품-08,세종특별자치시,세종시,충청남도,아산시,2.5,250000,2026-08-22T08:00:00+09:00,2026-08-22T12:00:00+09:00,PENDING
freight-251,REFRIGERATED,냉장육-08,부산광역시,사상구,경상남도,김해시,2,300000,2026-08-13T09:00:00+09:00,2026-08-13T14:00:00+09:00,PENDING
freight-252,GENERAL,의류-08,경기도,고양시,서울특별시,마포구,1.5,140000,2026-08-14T10:00:00+09:00,2026-08-14T16:00:00+09:00,PENDING
freight-253,REFRIGERATED,신선식품-09,서울특별시,송파구,부산광역시,강서구,5.5,620000,2026-08-15T12:00:00+09:00,2026-08-15T19:00:00+09:00,PENDING
freight-254,GENERAL,생활용품-09,서울특별시,송파구,부산광역시,강서구,5.5,640000,2026-08-16T13:00:00+09:00,2026-08-16T21:00:00+09:00,PENDING
freight-255,GENERAL,전자부품-09,서울특별시,강동구,부산광역시,강서구,4.5,660000,2026-08-17T14:00:00+09:00,2026-08-17T23:00:00+09:00,PENDING
freight-256,FROZEN,냉동수산물-09,서울특별시,강남구,부산광역시,해운대구,4.5,820000,2026-08-18T04:00:00+09:00,2026-08-18T06:00:00+09:00,PENDING
freight-257,GENERAL,포장박스-09,서울특별시,마포구,인천광역시,부평구,1.5,190000,2026-08-19T05:00:00+09:00,2026-08-19T08:00:00+09:00,PENDING
freight-258,GENERAL,기계부품-09,경기도,수원시,서울특별시,송파구,3,240000,2026-08-20T06:00:00+09:00,2026-08-20T10:00:00+09:00,PENDING
freight-259,CONSTRUCTION,철근-09,경기도,화성시,충청남도,당진시,11.5,250000,2026-08-21T07:00:00+09:00,2026-08-21T12:00:00+09:00,PENDING
freight-260,GENERAL,공산품-09,인천광역시,서구,대전광역시,유성구,4,330000,2026-08-22T08:00:00+09:00,2026-08-22T14:00:00+09:00,PENDING
freight-261,REFRIGERATED,신선채소-09,경기도,평택시,부산광역시,사상구,5.5,610000,2026-08-13T09:00:00+09:00,2026-08-13T16:00:00+09:00,PENDING
freight-262,GENERAL,자동차부품-09,대전광역시,유성구,경기도,수원시,4.5,410000,2026-08-14T10:00:00+09:00,2026-08-14T18:00:00+09:00,PENDING
freight-263,GENERAL,산업자재-09,울산광역시,남구,대구광역시,달서구,3.5,320000,2026-08-15T11:00:00+09:00,2026-08-15T20:00:00+09:00,PENDING
freight-264,REFRIGERATED,과일-09,대구광역시,달서구,경상북도,포항시,2.5,330000,2026-08-16T12:00:00+09:00,2026-08-16T14:00:00+09:00,PENDING
freight-265,GENERAL,택배상자-09,경상남도,창원시,부산광역시,강서구,4.5,170000,2026-08-17T13:00:00+09:00,2026-08-17T16:00:00+09:00,PENDING
freight-266,FROZEN,냉동만두-09,강원특별자치도,원주시,서울특별시,강남구,3,280000,2026-08-18T14:00:00+09:00,2026-08-18T18:00:00+09:00,PENDING
freight-267,CONSTRUCTION,시멘트-09,충청북도,청주시,세종특별자치시,세종시,10.5,200000,2026-08-19T04:00:00+09:00,2026-08-19T09:00:00+09:00,PENDING
freight-268,GENERAL,식자재상자-09,충청남도,천안시,서울특별시,송파구,3.5,310000,2026-08-20T05:00:00+09:00,2026-08-20T11:00:00+09:00,PENDING
freight-269,HAZARDOUS,산업용용제-09,인천광역시,중구,울산광역시,남구,8.5,720000,2026-08-21T06:00:00+09:00,2026-08-21T13:00:00+09:00,PENDING
freight-270,GENERAL,가구-09,전라북도,전주시,대전광역시,유성구,4.5,320000,2026-08-22T07:00:00+09:00,2026-08-22T15:00:00+09:00,PENDING
freight-271,GENERAL,농산물상자-09,광주광역시,광산구,전라남도,여수시,5.5,380000,2026-08-13T08:00:00+09:00,2026-08-13T17:00:00+09:00,PENDING
freight-272,GENERAL,포장재-09,전라남도,순천시,광주광역시,북구,2.5,180000,2026-08-14T09:00:00+09:00,2026-08-14T11:00:00+09:00,PENDING
freight-273,GENERAL,가전제품-09,경상북도,구미시,대구광역시,북구,3.5,190000,2026-08-15T10:00:00+09:00,2026-08-15T13:00:00+09:00,PENDING
freight-274,GENERAL,정밀부품-09,세종특별자치시,세종시,충청남도,아산시,3,200000,2026-08-16T11:00:00+09:00,2026-08-16T15:00:00+09:00,PENDING
freight-275,REFRIGERATED,냉장육-09,부산광역시,사상구,경상남도,김해시,2.5,240000,2026-08-17T12:00:00+09:00,2026-08-17T17:00:00+09:00,PENDING
freight-276,GENERAL,의류-09,경기도,고양시,서울특별시,마포구,2,200000,2026-08-18T13:00:00+09:00,2026-08-18T19:00:00+09:00,PENDING
freight-277,REFRIGERATED,신선식품-10,서울특별시,송파구,부산광역시,강서구,4.5,850000,2026-08-19T04:00:00+09:00,2026-08-19T11:00:00+09:00,PENDING
freight-278,GENERAL,생활용품-10,서울특별시,송파구,부산광역시,강서구,4.5,460000,2026-08-20T05:00:00+09:00,2026-08-20T13:00:00+09:00,PENDING
freight-279,GENERAL,전자부품-10,서울특별시,강동구,부산광역시,강서구,3.5,510000,2026-08-21T06:00:00+09:00,2026-08-21T15:00:00+09:00,PENDING
freight-280,FROZEN,냉동수산물-10,서울특별시,강남구,부산광역시,해운대구,3.5,650000,2026-08-22T07:00:00+09:00,2026-08-22T09:00:00+09:00,PENDING
freight-281,GENERAL,포장박스-10,서울특별시,마포구,인천광역시,부평구,0.5,150000,2026-08-13T08:00:00+09:00,2026-08-13T11:00:00+09:00,PENDING
freight-282,GENERAL,기계부품-10,경기도,수원시,서울특별시,송파구,2,350000,2026-08-14T09:00:00+09:00,2026-08-14T13:00:00+09:00,PENDING
freight-283,CONSTRUCTION,철근-10,경기도,화성시,충청남도,당진시,10.5,350000,2026-08-15T10:00:00+09:00,2026-08-15T15:00:00+09:00,PENDING
freight-284,GENERAL,공산품-10,인천광역시,서구,대전광역시,유성구,3,450000,2026-08-16T11:00:00+09:00,2026-08-16T17:00:00+09:00,PENDING
freight-285,REFRIGERATED,신선채소-10,경기도,평택시,부산광역시,사상구,4.5,440000,2026-08-17T12:00:00+09:00,2026-08-17T19:00:00+09:00,PENDING
freight-286,GENERAL,자동차부품-10,대전광역시,유성구,경기도,수원시,3.5,320000,2026-08-18T13:00:00+09:00,2026-08-18T21:00:00+09:00,PENDING
freight-287,GENERAL,산업자재-10,울산광역시,남구,대구광역시,달서구,2.5,260000,2026-08-19T14:00:00+09:00,2026-08-19T23:00:00+09:00,PENDING
freight-288,REFRIGERATED,과일-10,대구광역시,달서구,경상북도,포항시,1.5,260000,2026-08-20T04:00:00+09:00,2026-08-20T06:00:00+09:00,PENDING
freight-289,GENERAL,택배상자-10,경상남도,창원시,부산광역시,강서구,3.5,250000,2026-08-21T05:00:00+09:00,2026-08-21T08:00:00+09:00,PENDING
freight-290,FROZEN,냉동만두-10,강원특별자치도,원주시,서울특별시,강남구,2,390000,2026-08-22T06:00:00+09:00,2026-08-22T10:00:00+09:00,PENDING
freight-291,CONSTRUCTION,시멘트-10,충청북도,청주시,세종특별자치시,세종시,9.5,270000,2026-08-13T07:00:00+09:00,2026-08-13T12:00:00+09:00,PENDING
freight-292,GENERAL,식자재상자-10,충청남도,천안시,서울특별시,송파구,2.5,220000,2026-08-14T08:00:00+09:00,2026-08-14T14:00:00+09:00,PENDING
freight-293,HAZARDOUS,산업용용제-10,인천광역시,중구,울산광역시,남구,7.5,560000,2026-08-15T09:00:00+09:00,2026-08-15T16:00:00+09:00,PENDING
freight-294,GENERAL,가구-10,전라북도,전주시,대전광역시,유성구,3.5,260000,2026-08-16T10:00:00+09:00,2026-08-16T18:00:00+09:00,PENDING
freight-295,GENERAL,농산물상자-10,광주광역시,광산구,전라남도,여수시,4.5,300000,2026-08-17T11:00:00+09:00,2026-08-17T20:00:00+09:00,PENDING
freight-296,GENERAL,포장재-10,전라남도,순천시,광주광역시,북구,1.5,270000,2026-08-18T12:00:00+09:00,2026-08-18T14:00:00+09:00,PENDING
freight-297,GENERAL,가전제품-10,경상북도,구미시,대구광역시,북구,2.5,260000,2026-08-19T13:00:00+09:00,2026-08-19T16:00:00+09:00,PENDING
freight-298,GENERAL,정밀부품-10,세종특별자치시,세종시,충청남도,아산시,2,270000,2026-08-20T14:00:00+09:00,2026-08-20T18:00:00+09:00,PENDING
freight-299,REFRIGERATED,냉장육-10,부산광역시,사상구,경상남도,김해시,1.5,170000,2026-08-21T04:00:00+09:00,2026-08-21T09:00:00+09:00,PENDING
freight-300,GENERAL,의류-10,경기도,고양시,서울특별시,마포구,1,160000,2026-08-22T05:00:00+09:00,2026-08-22T11:00:00+09:00,PENDING
freight-301,REFRIGERATED,신선식품-11,서울특별시,송파구,부산광역시,강서구,5,680000,2026-08-13T07:00:00+09:00,2026-08-13T14:00:00+09:00,PENDING
freight-302,GENERAL,생활용품-11,서울특별시,송파구,부산광역시,강서구,5,680000,2026-08-14T08:00:00+09:00,2026-08-14T16:00:00+09:00,PENDING
freight-303,GENERAL,전자부품-11,서울특별시,강동구,부산광역시,강서구,4,710000,2026-08-15T09:00:00+09:00,2026-08-15T18:00:00+09:00,PENDING
freight-304,FROZEN,냉동수산물-11,서울특별시,강남구,부산광역시,해운대구,4,900000,2026-08-16T10:00:00+09:00,2026-08-16T12:00:00+09:00,PENDING
freight-305,GENERAL,포장박스-11,서울특별시,마포구,인천광역시,부평구,1,110000,2026-08-17T11:00:00+09:00,2026-08-17T14:00:00+09:00,PENDING
freight-306,GENERAL,기계부품-11,경기도,수원시,서울특별시,송파구,2.5,270000,2026-08-18T12:00:00+09:00,2026-08-18T16:00:00+09:00,PENDING
freight-307,CONSTRUCTION,철근-11,경기도,화성시,충청남도,당진시,11,280000,2026-08-19T13:00:00+09:00,2026-08-19T18:00:00+09:00,PENDING
freight-308,GENERAL,공산품-11,인천광역시,서구,대전광역시,유성구,3.5,360000,2026-08-20T14:00:00+09:00,2026-08-20T20:00:00+09:00,PENDING
freight-309,REFRIGERATED,신선채소-11,경기도,평택시,부산광역시,사상구,5,650000,2026-08-21T04:00:00+09:00,2026-08-21T11:00:00+09:00,PENDING
freight-310,GENERAL,자동차부품-11,대전광역시,유성구,경기도,수원시,4,440000,2026-08-22T05:00:00+09:00,2026-08-22T13:00:00+09:00,PENDING
freight-311,GENERAL,산업자재-11,울산광역시,남구,대구광역시,달서구,3,350000,2026-08-13T06:00:00+09:00,2026-08-13T15:00:00+09:00,PENDING
freight-312,REFRIGERATED,과일-11,대구광역시,달서구,경상북도,포항시,2,190000,2026-08-14T07:00:00+09:00,2026-08-14T09:00:00+09:00,PENDING
freight-313,GENERAL,택배상자-11,경상남도,창원시,부산광역시,강서구,4,200000,2026-08-15T08:00:00+09:00,2026-08-15T11:00:00+09:00,PENDING
freight-314,FROZEN,냉동만두-11,강원특별자치도,원주시,서울특별시,강남구,2.5,310000,2026-08-16T09:00:00+09:00,2026-08-16T13:00:00+09:00,PENDING
freight-315,CONSTRUCTION,시멘트-11,충청북도,청주시,세종특별자치시,세종시,10,220000,2026-08-17T10:00:00+09:00,2026-08-17T15:00:00+09:00,PENDING
freight-316,GENERAL,식자재상자-11,충청남도,천안시,서울특별시,송파구,3,330000,2026-08-18T11:00:00+09:00,2026-08-18T17:00:00+09:00,PENDING
freight-317,HAZARDOUS,산업용용제-11,인천광역시,중구,울산광역시,남구,8,780000,2026-08-19T12:00:00+09:00,2026-08-19T19:00:00+09:00,PENDING
freight-318,GENERAL,가구-11,전라북도,전주시,대전광역시,유성구,4,350000,2026-08-20T13:00:00+09:00,2026-08-20T21:00:00+09:00,PENDING
freight-319,GENERAL,농산물상자-11,광주광역시,광산구,전라남도,여수시,5,220000,2026-08-21T14:00:00+09:00,2026-08-21T23:00:00+09:00,PENDING
freight-320,GENERAL,포장재-11,전라남도,순천시,광주광역시,북구,2,210000,2026-08-22T04:00:00+09:00,2026-08-22T06:00:00+09:00,PENDING
freight-321,GENERAL,가전제품-11,경상북도,구미시,대구광역시,북구,3,210000,2026-08-13T05:00:00+09:00,2026-08-13T08:00:00+09:00,PENDING
freight-322,GENERAL,정밀부품-11,세종특별자치시,세종시,충청남도,아산시,2.5,220000,2026-08-14T06:00:00+09:00,2026-08-14T10:00:00+09:00,PENDING
freight-323,REFRIGERATED,냉장육-11,부산광역시,사상구,경상남도,김해시,2,250000,2026-08-15T07:00:00+09:00,2026-08-15T12:00:00+09:00,PENDING
freight-324,GENERAL,의류-11,경기도,고양시,서울특별시,마포구,1.5,220000,2026-08-16T08:00:00+09:00,2026-08-16T14:00:00+09:00,PENDING
freight-325,REFRIGERATED,신선식품-12,서울특별시,송파구,부산광역시,강서구,5.5,490000,2026-08-17T10:00:00+09:00,2026-08-17T17:00:00+09:00,PENDING
freight-326,GENERAL,생활용품-12,서울특별시,송파구,부산광역시,강서구,5.5,530000,2026-08-18T11:00:00+09:00,2026-08-18T19:00:00+09:00,PENDING
freight-327,GENERAL,전자부품-12,서울특별시,강동구,부산광역시,강서구,4.5,570000,2026-08-19T12:00:00+09:00,2026-08-19T21:00:00+09:00,PENDING
freight-328,FROZEN,냉동수산물-12,서울특별시,강남구,부산광역시,해운대구,4.5,710000,2026-08-20T13:00:00+09:00,2026-08-20T15:00:00+09:00,PENDING
freight-329,GENERAL,포장박스-12,서울특별시,마포구,인천광역시,부평구,1.5,160000,2026-08-21T14:00:00+09:00,2026-08-21T17:00:00+09:00,PENDING
freight-330,GENERAL,기계부품-12,경기도,수원시,서울특별시,송파구,3,380000,2026-08-22T04:00:00+09:00,2026-08-22T08:00:00+09:00,PENDING
freight-331,CONSTRUCTION,철근-12,경기도,화성시,충청남도,당진시,11.5,380000,2026-08-13T05:00:00+09:00,2026-08-13T10:00:00+09:00,PENDING
freight-332,GENERAL,공산품-12,인천광역시,서구,대전광역시,유성구,4,260000,2026-08-14T06:00:00+09:00,2026-08-14T12:00:00+09:00,PENDING
freight-333,REFRIGERATED,신선채소-12,경기도,평택시,부산광역시,사상구,5.5,510000,2026-08-15T07:00:00+09:00,2026-08-15T14:00:00+09:00,PENDING
freight-334,GENERAL,자동차부품-12,대전광역시,유성구,경기도,수원시,4.5,350000,2026-08-16T08:00:00+09:00,2026-08-16T16:00:00+09:00,PENDING
freight-335,GENERAL,산업자재-12,울산광역시,남구,대구광역시,달서구,3.5,280000,2026-08-17T09:00:00+09:00,2026-08-17T18:00:00+09:00,PENDING
freight-336,REFRIGERATED,과일-12,대구광역시,달서구,경상북도,포항시,2.5,280000,2026-08-18T10:00:00+09:00,2026-08-18T12:00:00+09:00,PENDING
freight-337,GENERAL,택배상자-12,경상남도,창원시,부산광역시,강서구,4.5,270000,2026-08-19T11:00:00+09:00,2026-08-19T14:00:00+09:00,PENDING
freight-338,FROZEN,냉동만두-12,강원특별자치도,원주시,서울특별시,강남구,3,420000,2026-08-20T12:00:00+09:00,2026-08-20T16:00:00+09:00,PENDING
freight-339,CONSTRUCTION,시멘트-12,충청북도,청주시,세종특별자치시,세종시,10.5,160000,2026-08-21T13:00:00+09:00,2026-08-21T18:00:00+09:00,PENDING
freight-340,GENERAL,식자재상자-12,충청남도,천안시,서울특별시,송파구,3.5,260000,2026-08-22T14:00:00+09:00,2026-08-22T20:00:00+09:00,PENDING
freight-341,HAZARDOUS,산업용용제-12,인천광역시,중구,울산광역시,남구,8.5,620000,2026-08-13T04:00:00+09:00,2026-08-13T11:00:00+09:00,PENDING
freight-342,GENERAL,가구-12,전라북도,전주시,대전광역시,유성구,4.5,280000,2026-08-14T05:00:00+09:00,2026-08-14T13:00:00+09:00,PENDING
freight-343,GENERAL,농산물상자-12,광주광역시,광산구,전라남도,여수시,5.5,320000,2026-08-15T06:00:00+09:00,2026-08-15T15:00:00+09:00,PENDING
freight-344,GENERAL,포장재-12,전라남도,순천시,광주광역시,북구,2.5,290000,2026-08-16T07:00:00+09:00,2026-08-16T09:00:00+09:00,PENDING
freight-345,GENERAL,가전제품-12,경상북도,구미시,대구광역시,북구,3.5,280000,2026-08-17T08:00:00+09:00,2026-08-17T11:00:00+09:00,PENDING
freight-346,GENERAL,정밀부품-12,세종특별자치시,세종시,충청남도,아산시,3,160000,2026-08-18T09:00:00+09:00,2026-08-18T13:00:00+09:00,PENDING
freight-347,REFRIGERATED,냉장육-12,부산광역시,사상구,경상남도,김해시,2.5,200000,2026-08-19T10:00:00+09:00,2026-08-19T15:00:00+09:00,PENDING
freight-348,GENERAL,의류-12,경기도,고양시,서울특별시,마포구,2,170000,2026-08-20T11:00:00+09:00,2026-08-20T17:00:00+09:00,PENDING
freight-349,REFRIGERATED,신선식품-13,서울특별시,송파구,부산광역시,강서구,4.5,720000,2026-08-21T13:00:00+09:00,2026-08-21T20:00:00+09:00,PENDING
freight-350,GENERAL,생활용품-13,서울특별시,송파구,부산광역시,강서구,4.5,730000,2026-08-22T14:00:00+09:00,2026-08-22T22:00:00+09:00,PENDING
freight-351,GENERAL,전자부품-13,서울특별시,강동구,부산광역시,강서구,3.5,780000,2026-08-13T04:00:00+09:00,2026-08-13T13:00:00+09:00,PENDING
freight-352,FROZEN,냉동수산물-13,서울특별시,강남구,부산광역시,해운대구,3.5,520000,2026-08-14T05:00:00+09:00,2026-08-14T07:00:00+09:00,PENDING
freight-353,GENERAL,포장박스-13,서울특별시,마포구,인천광역시,부평구,0.5,120000,2026-08-15T06:00:00+09:00,2026-08-15T09:00:00+09:00,PENDING
freight-354,GENERAL,기계부품-13,경기도,수원시,서울특별시,송파구,2,300000,2026-08-16T07:00:00+09:00,2026-08-16T11:00:00+09:00,PENDING
freight-355,CONSTRUCTION,철근-13,경기도,화성시,충청남도,당진시,10.5,300000,2026-08-17T08:00:00+09:00,2026-08-17T13:00:00+09:00,PENDING
freight-356,GENERAL,공산품-13,인천광역시,서구,대전광역시,유성구,3,380000,2026-08-18T09:00:00+09:00,2026-08-18T15:00:00+09:00,PENDING
freight-357,REFRIGERATED,신선채소-13,경기도,평택시,부산광역시,사상구,4.5,700000,2026-08-19T10:00:00+09:00,2026-08-19T17:00:00+09:00,PENDING
freight-358,GENERAL,자동차부품-13,대전광역시,유성구,경기도,수원시,3.5,480000,2026-08-20T11:00:00+09:00,2026-08-20T19:00:00+09:00,PENDING
freight-359,GENERAL,산업자재-13,울산광역시,남구,대구광역시,달서구,2.5,200000,2026-08-21T12:00:00+09:00,2026-08-21T21:00:00+09:00,PENDING
freight-360,REFRIGERATED,과일-13,대구광역시,달서구,경상북도,포항시,1.5,220000,2026-08-22T13:00:00+09:00,2026-08-22T15:00:00+09:00,PENDING
freight-361,GENERAL,택배상자-13,경상남도,창원시,부산광역시,강서구,3.5,220000,2026-08-13T14:00:00+09:00,2026-08-13T17:00:00+09:00,PENDING
freight-362,FROZEN,냉동만두-13,강원특별자치도,원주시,서울특별시,강남구,2,340000,2026-08-14T04:00:00+09:00,2026-08-14T08:00:00+09:00,PENDING
freight-363,CONSTRUCTION,시멘트-13,충청북도,청주시,세종특별자치시,세종시,9.5,230000,2026-08-15T05:00:00+09:00,2026-08-15T10:00:00+09:00,PENDING
freight-364,GENERAL,식자재상자-13,충청남도,천안시,서울특별시,송파구,2.5,360000,2026-08-16T06:00:00+09:00,2026-08-16T12:00:00+09:00,PENDING
freight-365,HAZARDOUS,산업용용제-13,인천광역시,중구,울산광역시,남구,7.5,850000,2026-08-17T07:00:00+09:00,2026-08-17T14:00:00+09:00,PENDING
freight-366,GENERAL,가구-13,전라북도,전주시,대전광역시,유성구,3.5,200000,2026-08-18T08:00:00+09:00,2026-08-18T16:00:00+09:00,PENDING
freight-367,GENERAL,농산물상자-13,광주광역시,광산구,전라남도,여수시,4.5,250000,2026-08-19T09:00:00+09:00,2026-08-19T18:00:00+09:00,PENDING
freight-368,GENERAL,포장재-13,전라남도,순천시,광주광역시,북구,1.5,230000,2026-08-20T10:00:00+09:00,2026-08-20T12:00:00+09:00,PENDING
freight-369,GENERAL,가전제품-13,경상북도,구미시,대구광역시,북구,2.5,230000,2026-08-21T11:00:00+09:00,2026-08-21T14:00:00+09:00,PENDING
freight-370,GENERAL,정밀부품-13,세종특별자치시,세종시,충청남도,아산시,2,230000,2026-08-22T12:00:00+09:00,2026-08-22T16:00:00+09:00,PENDING
freight-371,REFRIGERATED,냉장육-13,부산광역시,사상구,경상남도,김해시,1.5,270000,2026-08-13T13:00:00+09:00,2026-08-13T18:00:00+09:00,PENDING
freight-372,GENERAL,의류-13,경기도,고양시,서울특별시,마포구,1,240000,2026-08-14T14:00:00+09:00,2026-08-14T20:00:00+09:00,PENDING
freight-373,REFRIGERATED,신선식품-14,서울특별시,송파구,부산광역시,강서구,5,560000,2026-08-15T05:00:00+09:00,2026-08-15T12:00:00+09:00,PENDING
freight-374,GENERAL,생활용품-14,서울특별시,송파구,부산광역시,강서구,5,580000,2026-08-16T06:00:00+09:00,2026-08-16T14:00:00+09:00,PENDING
freight-375,GENERAL,전자부품-14,서울특별시,강동구,부산광역시,강서구,4,620000,2026-08-17T07:00:00+09:00,2026-08-17T16:00:00+09:00,PENDING
freight-376,FROZEN,냉동수산물-14,서울특별시,강남구,부산광역시,해운대구,4,760000,2026-08-18T08:00:00+09:00,2026-08-18T10:00:00+09:00,PENDING
freight-377,GENERAL,포장박스-14,서울특별시,마포구,인천광역시,부평구,1,170000,2026-08-19T09:00:00+09:00,2026-08-19T12:00:00+09:00,PENDING
freight-378,GENERAL,기계부품-14,경기도,수원시,서울특별시,송파구,2.5,410000,2026-08-20T10:00:00+09:00,2026-08-20T14:00:00+09:00,PENDING
freight-379,CONSTRUCTION,철근-14,경기도,화성시,충청남도,당진시,11,220000,2026-08-21T11:00:00+09:00,2026-08-21T16:00:00+09:00,PENDING
freight-380,GENERAL,공산품-14,인천광역시,서구,대전광역시,유성구,3.5,300000,2026-08-22T12:00:00+09:00,2026-08-22T18:00:00+09:00,PENDING
freight-381,REFRIGERATED,신선채소-14,경기도,평택시,부산광역시,사상구,5,560000,2026-08-13T13:00:00+09:00,2026-08-13T20:00:00+09:00,PENDING
freight-382,GENERAL,자동차부품-14,대전광역시,유성구,경기도,수원시,4,390000,2026-08-14T14:00:00+09:00,2026-08-14T22:00:00+09:00,PENDING
freight-383,GENERAL,산업자재-14,울산광역시,남구,대구광역시,달서구,3,300000,2026-08-15T04:00:00+09:00,2026-08-15T13:00:00+09:00,PENDING
freight-384,REFRIGERATED,과일-14,대구광역시,달서구,경상북도,포항시,2,300000,2026-08-16T05:00:00+09:00,2026-08-16T07:00:00+09:00,PENDING
freight-385,GENERAL,택배상자-14,경상남도,창원시,부산광역시,강서구,4,300000,2026-08-17T06:00:00+09:00,2026-08-17T09:00:00+09:00,PENDING
freight-386,FROZEN,냉동만두-14,강원특별자치도,원주시,서울특별시,강남구,2.5,240000,2026-08-18T07:00:00+09:00,2026-08-18T11:00:00+09:00,PENDING
freight-387,CONSTRUCTION,시멘트-14,충청북도,청주시,세종특별자치시,세종시,10,180000,2026-08-19T08:00:00+09:00,2026-08-19T13:00:00+09:00,PENDING
freight-388,GENERAL,식자재상자-14,충청남도,천안시,서울특별시,송파구,3,280000,2026-08-20T09:00:00+09:00,2026-08-20T15:00:00+09:00,PENDING
freight-389,HAZARDOUS,산업용용제-14,인천광역시,중구,울산광역시,남구,8,680000,2026-08-21T10:00:00+09:00,2026-08-21T17:00:00+09:00,PENDING
freight-390,GENERAL,가구-14,전라북도,전주시,대전광역시,유성구,4,300000,2026-08-22T11:00:00+09:00,2026-08-22T19:00:00+09:00,PENDING
freight-391,GENERAL,농산물상자-14,광주광역시,광산구,전라남도,여수시,5,350000,2026-08-13T12:00:00+09:00,2026-08-13T21:00:00+09:00,PENDING
freight-392,GENERAL,포장재-14,전라남도,순천시,광주광역시,북구,2,320000,2026-08-14T13:00:00+09:00,2026-08-14T15:00:00+09:00,PENDING
freight-393,GENERAL,가전제품-14,경상북도,구미시,대구광역시,북구,3,160000,2026-08-15T14:00:00+09:00,2026-08-15T17:00:00+09:00,PENDING
freight-394,GENERAL,정밀부품-14,세종특별자치시,세종시,충청남도,아산시,2.5,180000,2026-08-16T04:00:00+09:00,2026-08-16T08:00:00+09:00,PENDING
freight-395,REFRIGERATED,냉장육-14,부산광역시,사상구,경상남도,김해시,2,220000,2026-08-17T05:00:00+09:00,2026-08-17T10:00:00+09:00,PENDING
freight-396,GENERAL,의류-14,경기도,고양시,서울특별시,마포구,1.5,190000,2026-08-18T06:00:00+09:00,2026-08-18T12:00:00+09:00,PENDING
freight-397,REFRIGERATED,신선식품-15,서울특별시,송파구,부산광역시,강서구,5.5,780000,2026-08-19T08:00:00+09:00,2026-08-19T15:00:00+09:00,PENDING
freight-398,GENERAL,생활용품-15,서울특별시,송파구,부산광역시,강서구,5.5,800000,2026-08-20T09:00:00+09:00,2026-08-20T17:00:00+09:00,PENDING
freight-399,GENERAL,전자부품-15,서울특별시,강동구,부산광역시,강서구,4.5,450000,2026-08-21T10:00:00+09:00,2026-08-21T19:00:00+09:00,PENDING
freight-400,FROZEN,냉동수산물-15,서울특별시,강남구,부산광역시,해운대구,4.5,590000,2026-08-22T11:00:00+09:00,2026-08-22T13:00:00+09:00,PENDING
freight-401,GENERAL,포장박스-15,서울특별시,마포구,인천광역시,부평구,1.5,140000,2026-08-13T12:00:00+09:00,2026-08-13T15:00:00+09:00,PENDING
freight-402,GENERAL,기계부품-15,경기도,수원시,서울특별시,송파구,3,330000,2026-08-14T13:00:00+09:00,2026-08-14T17:00:00+09:00,PENDING
freight-403,CONSTRUCTION,철근-15,경기도,화성시,충청남도,당진시,11.5,320000,2026-08-15T14:00:00+09:00,2026-08-15T19:00:00+09:00,PENDING
freight-404,GENERAL,공산품-15,인천광역시,서구,대전광역시,유성구,4,410000,2026-08-16T04:00:00+09:00,2026-08-16T10:00:00+09:00,PENDING
freight-405,REFRIGERATED,신선채소-15,경기도,평택시,부산광역시,사상구,5.5,770000,2026-08-17T05:00:00+09:00,2026-08-17T12:00:00+09:00,PENDING
freight-406,GENERAL,자동차부품-15,대전광역시,유성구,경기도,수원시,4.5,280000,2026-08-18T06:00:00+09:00,2026-08-18T14:00:00+09:00,PENDING
freight-407,GENERAL,산업자재-15,울산광역시,남구,대구광역시,달서구,3.5,230000,2026-08-19T07:00:00+09:00,2026-08-19T16:00:00+09:00,PENDING
freight-408,REFRIGERATED,과일-15,대구광역시,달서구,경상북도,포항시,2.5,240000,2026-08-20T08:00:00+09:00,2026-08-20T10:00:00+09:00,PENDING
freight-409,GENERAL,택배상자-15,경상남도,창원시,부산광역시,강서구,4.5,240000,2026-08-21T09:00:00+09:00,2026-08-21T12:00:00+09:00,PENDING
freight-410,FROZEN,냉동만두-15,강원특별자치도,원주시,서울특별시,강남구,3,360000,2026-08-22T10:00:00+09:00,2026-08-22T14:00:00+09:00,PENDING
freight-411,CONSTRUCTION,시멘트-15,충청북도,청주시,세종특별자치시,세종시,10.5,250000,2026-08-13T11:00:00+09:00,2026-08-13T16:00:00+09:00,PENDING
freight-412,GENERAL,식자재상자-15,충청남도,천안시,서울특별시,송파구,3.5,390000,2026-08-14T12:00:00+09:00,2026-08-14T18:00:00+09:00,PENDING
freight-413,HAZARDOUS,산업용용제-15,인천광역시,중구,울산광역시,남구,8.5,490000,2026-08-15T13:00:00+09:00,2026-08-15T20:00:00+09:00,PENDING
freight-414,GENERAL,가구-15,전라북도,전주시,대전광역시,유성구,4.5,230000,2026-08-16T14:00:00+09:00,2026-08-16T22:00:00+09:00,PENDING
freight-415,GENERAL,농산물상자-15,광주광역시,광산구,전라남도,여수시,5.5,280000,2026-08-17T04:00:00+09:00,2026-08-17T13:00:00+09:00,PENDING
freight-416,GENERAL,포장재-15,전라남도,순천시,광주광역시,북구,2.5,250000,2026-08-18T05:00:00+09:00,2026-08-18T07:00:00+09:00,PENDING
freight-417,GENERAL,가전제품-15,경상북도,구미시,대구광역시,북구,3.5,240000,2026-08-19T06:00:00+09:00,2026-08-19T09:00:00+09:00,PENDING
freight-418,GENERAL,정밀부품-15,세종특별자치시,세종시,충청남도,아산시,3,250000,2026-08-20T07:00:00+09:00,2026-08-20T11:00:00+09:00,PENDING
freight-419,REFRIGERATED,냉장육-15,부산광역시,사상구,경상남도,김해시,2.5,300000,2026-08-21T08:00:00+09:00,2026-08-21T13:00:00+09:00,PENDING
freight-420,GENERAL,의류-15,경기도,고양시,서울특별시,마포구,2,140000,2026-08-22T09:00:00+09:00,2026-08-22T15:00:00+09:00,PENDING
freight-421,REFRIGERATED,신선식품-16,서울특별시,송파구,부산광역시,강서구,4.5,620000,2026-08-13T11:00:00+09:00,2026-08-13T18:00:00+09:00,PENDING
freight-422,GENERAL,생활용품-16,서울특별시,송파구,부산광역시,강서구,4.5,640000,2026-08-14T12:00:00+09:00,2026-08-14T20:00:00+09:00,PENDING
freight-423,GENERAL,전자부품-16,서울특별시,강동구,부산광역시,강서구,3.5,660000,2026-08-15T13:00:00+09:00,2026-08-15T22:00:00+09:00,PENDING
freight-424,FROZEN,냉동수산물-16,서울특별시,강남구,부산광역시,해운대구,3.5,820000,2026-08-16T14:00:00+09:00,2026-08-16T16:00:00+09:00,PENDING
freight-425,GENERAL,포장박스-16,서울특별시,마포구,인천광역시,부평구,0.5,190000,2026-08-17T04:00:00+09:00,2026-08-17T07:00:00+09:00,PENDING
freight-426,GENERAL,기계부품-16,경기도,수원시,서울특별시,송파구,2,240000,2026-08-18T05:00:00+09:00,2026-08-18T09:00:00+09:00,PENDING
freight-427,CONSTRUCTION,철근-16,경기도,화성시,충청남도,당진시,10.5,250000,2026-08-19T06:00:00+09:00,2026-08-19T11:00:00+09:00,PENDING
freight-428,GENERAL,공산품-16,인천광역시,서구,대전광역시,유성구,3,330000,2026-08-20T07:00:00+09:00,2026-08-20T13:00:00+09:00,PENDING
freight-429,REFRIGERATED,신선채소-16,경기도,평택시,부산광역시,사상구,4.5,610000,2026-08-21T08:00:00+09:00,2026-08-21T15:00:00+09:00,PENDING
freight-430,GENERAL,자동차부품-16,대전광역시,유성구,경기도,수원시,3.5,410000,2026-08-22T09:00:00+09:00,2026-08-22T17:00:00+09:00,PENDING
freight-431,GENERAL,산업자재-16,울산광역시,남구,대구광역시,달서구,2.5,320000,2026-08-13T10:00:00+09:00,2026-08-13T19:00:00+09:00,PENDING
freight-432,REFRIGERATED,과일-16,대구광역시,달서구,경상북도,포항시,1.5,330000,2026-08-14T11:00:00+09:00,2026-08-14T13:00:00+09:00,PENDING
freight-433,GENERAL,택배상자-16,경상남도,창원시,부산광역시,강서구,3.5,170000,2026-08-15T12:00:00+09:00,2026-08-15T15:00:00+09:00,PENDING
freight-434,FROZEN,냉동만두-16,강원특별자치도,원주시,서울특별시,강남구,2,280000,2026-08-16T13:00:00+09:00,2026-08-16T17:00:00+09:00,PENDING
freight-435,CONSTRUCTION,시멘트-16,충청북도,청주시,세종특별자치시,세종시,9.5,200000,2026-08-17T14:00:00+09:00,2026-08-17T19:00:00+09:00,PENDING
freight-436,GENERAL,식자재상자-16,충청남도,천안시,서울특별시,송파구,2.5,310000,2026-08-18T04:00:00+09:00,2026-08-18T10:00:00+09:00,PENDING
freight-437,HAZARDOUS,산업용용제-16,인천광역시,중구,울산광역시,남구,7.5,720000,2026-08-19T05:00:00+09:00,2026-08-19T12:00:00+09:00,PENDING
freight-438,GENERAL,가구-16,전라북도,전주시,대전광역시,유성구,3.5,320000,2026-08-20T06:00:00+09:00,2026-08-20T14:00:00+09:00,PENDING
freight-439,GENERAL,농산물상자-16,광주광역시,광산구,전라남도,여수시,4.5,380000,2026-08-21T07:00:00+09:00,2026-08-21T16:00:00+09:00,PENDING
freight-440,GENERAL,포장재-16,전라남도,순천시,광주광역시,북구,1.5,180000,2026-08-22T08:00:00+09:00,2026-08-22T10:00:00+09:00,PENDING
freight-441,GENERAL,가전제품-16,경상북도,구미시,대구광역시,북구,2.5,190000,2026-08-13T09:00:00+09:00,2026-08-13T12:00:00+09:00,PENDING
freight-442,GENERAL,정밀부품-16,세종특별자치시,세종시,충청남도,아산시,2,200000,2026-08-14T10:00:00+09:00,2026-08-14T14:00:00+09:00,PENDING
freight-443,REFRIGERATED,냉장육-16,부산광역시,사상구,경상남도,김해시,1.5,240000,2026-08-15T11:00:00+09:00,2026-08-15T16:00:00+09:00,PENDING
freight-444,GENERAL,의류-16,경기도,고양시,서울특별시,마포구,1,200000,2026-08-16T12:00:00+09:00,2026-08-16T18:00:00+09:00,PENDING
freight-445,REFRIGERATED,신선식품-17,서울특별시,송파구,부산광역시,강서구,5,850000,2026-08-17T14:00:00+09:00,2026-08-17T21:00:00+09:00,PENDING
freight-446,GENERAL,생활용품-17,서울특별시,송파구,부산광역시,강서구,5,460000,2026-08-18T04:00:00+09:00,2026-08-18T12:00:00+09:00,PENDING
freight-447,GENERAL,전자부품-17,서울특별시,강동구,부산광역시,강서구,4,510000,2026-08-19T05:00:00+09:00,2026-08-19T14:00:00+09:00,PENDING
freight-448,FROZEN,냉동수산물-17,서울특별시,강남구,부산광역시,해운대구,4,650000,2026-08-20T06:00:00+09:00,2026-08-20T08:00:00+09:00,PENDING
freight-449,GENERAL,포장박스-17,서울특별시,마포구,인천광역시,부평구,1,150000,2026-08-21T07:00:00+09:00,2026-08-21T10:00:00+09:00,PENDING
freight-450,GENERAL,기계부품-17,경기도,수원시,서울특별시,송파구,2.5,350000,2026-08-22T08:00:00+09:00,2026-08-22T12:00:00+09:00,PENDING
freight-451,CONSTRUCTION,철근-17,경기도,화성시,충청남도,당진시,11,350000,2026-08-13T09:00:00+09:00,2026-08-13T14:00:00+09:00,PENDING
freight-452,GENERAL,공산품-17,인천광역시,서구,대전광역시,유성구,3.5,450000,2026-08-14T10:00:00+09:00,2026-08-14T16:00:00+09:00,PENDING
freight-453,REFRIGERATED,신선채소-17,경기도,평택시,부산광역시,사상구,5,440000,2026-08-15T11:00:00+09:00,2026-08-15T18:00:00+09:00,PENDING
freight-454,GENERAL,자동차부품-17,대전광역시,유성구,경기도,수원시,4,320000,2026-08-16T12:00:00+09:00,2026-08-16T20:00:00+09:00,PENDING
freight-455,GENERAL,산업자재-17,울산광역시,남구,대구광역시,달서구,3,260000,2026-08-17T13:00:00+09:00,2026-08-17T22:00:00+09:00,PENDING
freight-456,REFRIGERATED,과일-17,대구광역시,달서구,경상북도,포항시,2,260000,2026-08-18T14:00:00+09:00,2026-08-18T16:00:00+09:00,PENDING
freight-457,GENERAL,택배상자-17,경상남도,창원시,부산광역시,강서구,4,250000,2026-08-19T04:00:00+09:00,2026-08-19T07:00:00+09:00,PENDING
freight-458,FROZEN,냉동만두-17,강원특별자치도,원주시,서울특별시,강남구,2.5,390000,2026-08-20T05:00:00+09:00,2026-08-20T09:00:00+09:00,PENDING
freight-459,CONSTRUCTION,시멘트-17,충청북도,청주시,세종특별자치시,세종시,10,270000,2026-08-21T06:00:00+09:00,2026-08-21T11:00:00+09:00,PENDING
freight-460,GENERAL,식자재상자-17,충청남도,천안시,서울특별시,송파구,3,220000,2026-08-22T07:00:00+09:00,2026-08-22T13:00:00+09:00,PENDING
freight-461,HAZARDOUS,산업용용제-17,인천광역시,중구,울산광역시,남구,8,560000,2026-08-13T08:00:00+09:00,2026-08-13T15:00:00+09:00,PENDING
freight-462,GENERAL,가구-17,전라북도,전주시,대전광역시,유성구,4,260000,2026-08-14T09:00:00+09:00,2026-08-14T17:00:00+09:00,PENDING
freight-463,GENERAL,농산물상자-17,광주광역시,광산구,전라남도,여수시,5,300000,2026-08-15T10:00:00+09:00,2026-08-15T19:00:00+09:00,PENDING
freight-464,GENERAL,포장재-17,전라남도,순천시,광주광역시,북구,2,270000,2026-08-16T11:00:00+09:00,2026-08-16T13:00:00+09:00,PENDING
freight-465,GENERAL,가전제품-17,경상북도,구미시,대구광역시,북구,3,260000,2026-08-17T12:00:00+09:00,2026-08-17T15:00:00+09:00,PENDING
freight-466,GENERAL,정밀부품-17,세종특별자치시,세종시,충청남도,아산시,2.5,270000,2026-08-18T13:00:00+09:00,2026-08-18T17:00:00+09:00,PENDING
freight-467,REFRIGERATED,냉장육-17,부산광역시,사상구,경상남도,김해시,2,170000,2026-08-19T14:00:00+09:00,2026-08-19T19:00:00+09:00,PENDING
freight-468,GENERAL,의류-17,경기도,고양시,서울특별시,마포구,1.5,160000,2026-08-20T04:00:00+09:00,2026-08-20T10:00:00+09:00,PENDING
freight-469,REFRIGERATED,신선식품-18,서울특별시,송파구,부산광역시,강서구,5.5,680000,2026-08-21T06:00:00+09:00,2026-08-21T13:00:00+09:00,PENDING
freight-470,GENERAL,생활용품-18,서울특별시,송파구,부산광역시,강서구,5.5,680000,2026-08-22T07:00:00+09:00,2026-08-22T15:00:00+09:00,PENDING
freight-471,GENERAL,전자부품-18,서울특별시,강동구,부산광역시,강서구,4.5,710000,2026-08-13T08:00:00+09:00,2026-08-13T17:00:00+09:00,PENDING
freight-472,FROZEN,냉동수산물-18,서울특별시,강남구,부산광역시,해운대구,4.5,900000,2026-08-14T09:00:00+09:00,2026-08-14T11:00:00+09:00,PENDING
freight-473,GENERAL,포장박스-18,서울특별시,마포구,인천광역시,부평구,1.5,110000,2026-08-15T10:00:00+09:00,2026-08-15T13:00:00+09:00,PENDING
freight-474,GENERAL,기계부품-18,경기도,수원시,서울특별시,송파구,3,270000,2026-08-16T11:00:00+09:00,2026-08-16T15:00:00+09:00,PENDING
freight-475,CONSTRUCTION,철근-18,경기도,화성시,충청남도,당진시,11.5,280000,2026-08-17T12:00:00+09:00,2026-08-17T17:00:00+09:00,PENDING
freight-476,GENERAL,공산품-18,인천광역시,서구,대전광역시,유성구,4,360000,2026-08-18T13:00:00+09:00,2026-08-18T19:00:00+09:00,PENDING
freight-477,REFRIGERATED,신선채소-18,경기도,평택시,부산광역시,사상구,5.5,650000,2026-08-19T14:00:00+09:00,2026-08-19T21:00:00+09:00,PENDING
freight-478,GENERAL,자동차부품-18,대전광역시,유성구,경기도,수원시,4.5,440000,2026-08-20T04:00:00+09:00,2026-08-20T12:00:00+09:00,PENDING
freight-479,GENERAL,산업자재-18,울산광역시,남구,대구광역시,달서구,3.5,350000,2026-08-21T05:00:00+09:00,2026-08-21T14:00:00+09:00,PENDING
freight-480,REFRIGERATED,과일-18,대구광역시,달서구,경상북도,포항시,2.5,190000,2026-08-22T06:00:00+09:00,2026-08-22T08:00:00+09:00,PENDING
freight-481,GENERAL,택배상자-18,경상남도,창원시,부산광역시,강서구,4.5,200000,2026-08-13T07:00:00+09:00,2026-08-13T10:00:00+09:00,PENDING
freight-482,FROZEN,냉동만두-18,강원특별자치도,원주시,서울특별시,강남구,3,310000,2026-08-14T08:00:00+09:00,2026-08-14T12:00:00+09:00,PENDING
freight-483,CONSTRUCTION,시멘트-18,충청북도,청주시,세종특별자치시,세종시,10.5,220000,2026-08-15T09:00:00+09:00,2026-08-15T14:00:00+09:00,PENDING
freight-484,GENERAL,식자재상자-18,충청남도,천안시,서울특별시,송파구,3.5,330000,2026-08-16T10:00:00+09:00,2026-08-16T16:00:00+09:00,PENDING
freight-485,HAZARDOUS,산업용용제-18,인천광역시,중구,울산광역시,남구,8.5,780000,2026-08-17T11:00:00+09:00,2026-08-17T18:00:00+09:00,PENDING
freight-486,GENERAL,가구-18,전라북도,전주시,대전광역시,유성구,4.5,350000,2026-08-18T12:00:00+09:00,2026-08-18T20:00:00+09:00,PENDING
freight-487,GENERAL,농산물상자-18,광주광역시,광산구,전라남도,여수시,5.5,220000,2026-08-19T13:00:00+09:00,2026-08-19T22:00:00+09:00,PENDING
freight-488,GENERAL,포장재-18,전라남도,순천시,광주광역시,북구,2.5,210000,2026-08-20T14:00:00+09:00,2026-08-20T16:00:00+09:00,PENDING
freight-489,GENERAL,가전제품-18,경상북도,구미시,대구광역시,북구,3.5,210000,2026-08-21T04:00:00+09:00,2026-08-21T07:00:00+09:00,PENDING
freight-490,GENERAL,정밀부품-18,세종특별자치시,세종시,충청남도,아산시,3,220000,2026-08-22T05:00:00+09:00,2026-08-22T09:00:00+09:00,PENDING
freight-491,REFRIGERATED,냉장육-18,부산광역시,사상구,경상남도,김해시,2.5,250000,2026-08-13T06:00:00+09:00,2026-08-13T11:00:00+09:00,PENDING
freight-492,GENERAL,의류-18,경기도,고양시,서울특별시,마포구,2,220000,2026-08-14T07:00:00+09:00,2026-08-14T13:00:00+09:00,PENDING
freight-493,REFRIGERATED,신선식품-19,서울특별시,송파구,부산광역시,강서구,4.5,490000,2026-08-15T09:00:00+09:00,2026-08-15T16:00:00+09:00,PENDING
freight-494,GENERAL,생활용품-19,서울특별시,송파구,부산광역시,강서구,4.5,530000,2026-08-16T10:00:00+09:00,2026-08-16T18:00:00+09:00,PENDING
freight-495,GENERAL,전자부품-19,서울특별시,강동구,부산광역시,강서구,3.5,570000,2026-08-17T11:00:00+09:00,2026-08-17T20:00:00+09:00,PENDING
freight-496,FROZEN,냉동수산물-19,서울특별시,강남구,부산광역시,해운대구,3.5,710000,2026-08-18T12:00:00+09:00,2026-08-18T14:00:00+09:00,PENDING
freight-497,GENERAL,포장박스-19,서울특별시,마포구,인천광역시,부평구,0.5,160000,2026-08-19T13:00:00+09:00,2026-08-19T16:00:00+09:00,PENDING
freight-498,GENERAL,기계부품-19,경기도,수원시,서울특별시,송파구,2,380000,2026-08-20T14:00:00+09:00,2026-08-20T18:00:00+09:00,PENDING
freight-499,CONSTRUCTION,철근-19,경기도,화성시,충청남도,당진시,10.5,380000,2026-08-21T04:00:00+09:00,2026-08-21T09:00:00+09:00,PENDING
freight-500,GENERAL,공산품-19,인천광역시,서구,대전광역시,유성구,3,260000,2026-08-22T05:00:00+09:00,2026-08-22T11:00:00+09:00,PENDING
