area_level,area_code,parent_code,area_type,is_leaf,sido_name,sigungu_name,full_name,latitude,longitude,coordinate_method,source_boundary_codes,boundary_base_date
SIDO,11,,특별시,false,서울특별시,,서울특별시,37.5644811,126.9396081,SGIS_2025_POINT_ON_SURFACE,11,2025-06-30
SIGUNGU,11110,11,구,true,서울특별시,종로구,서울특별시 종로구,37.5990843,126.9667515,SGIS_2025_POINT_ON_SURFACE,11010,2025-06-30
SIGUNGU,11140,11,구,true,서울특별시,중구,서울특별시 중구,37.5578651,126.9929867,SGIS_2025_POINT_ON_SURFACE,11020,2025-06-30
SIGUNGU,11170,11,구,true,서울특별시,용산구,서울특별시 용산구,37.5310492,126.9804642,SGIS_2025_POINT_ON_SURFACE,11030,2025-06-30
SIGUNGU,11200,11,구,true,서울특별시,성동구,서울특별시 성동구,37.5506365,127.0412913,SGIS_2025_POINT_ON_SURFACE,11040,2025-06-30
SIGUNGU,11215,11,구,true,서울특별시,광진구,서울특별시 광진구,37.5482288,127.0894331,SGIS_2025_POINT_ON_SURFACE,11050,2025-06-30
SIGUNGU,11230,11,구,true,서울특별시,동대문구,서울특별시 동대문구,37.5843933,127.0517961,SGIS_2025_POINT_ON_SURFACE,11060,2025-06-30
SIGUNGU,11260,11,구,true,서울특별시,중랑구,서울특별시 중랑구,37.5953077,127.0931448,SGIS_2025_POINT_ON_SURFACE,11070,2025-06-30
SIGUNGU,11290,11,구,true,서울특별시,성북구,서울특별시 성북구,37.6070926,127.0271039,SGIS_2025_POINT_ON_SURFACE,11080,2025-06-30
SIGUNGU,11305,11,구,true,서울특별시,강북구,서울특별시 강북구,37.6469708,127.0048141,SGIS_2025_POINT_ON_SURFACE,11090,2025-06-30
SIGUNGU,11320,11,구,true,서울특별시,도봉구,서울특별시 도봉구,37.6659647,127.0327731,SGIS_2025_POINT_ON_SURFACE,11100,2025-06-30
SIGUNGU,11350,11,구,true,서울특별시,노원구,서울특별시 노원구,37.6552160,127.0732350,SGIS_2025_POINT_ON_SURFACE,11110,2025-06-30
SIGUNGU,11380,11,구,true,서울특별시,은평구,서울특별시 은평구,37.6177229,126.9265790,SGIS_2025_POINT_ON_SURFACE,11120,2025-06-30
SIGUNGU,11410,11,구,true,서울특별시,서대문구,서울특별시 서대문구,37.5828588,126.9331304,SGIS_2025_POINT_ON_SURFACE,11130,2025-06-30
SIGUNGU,11440,11,구,true,서울특별시,마포구,서울특별시 마포구,37.5622169,126.8983078,SGIS_2025_POINT_ON_SURFACE,11140,2025-06-30
SIGUNGU,11470,11,구,true,서울특별시,양천구,서울특별시 양천구,37.5270953,126.8620799,SGIS_2025_POINT_ON_SURFACE,11150,2025-06-30
SIGUNGU,11500,11,구,true,서울특별시,강서구,서울특별시 강서구,37.5657558,126.8184992,SGIS_2025_POINT_ON_SURFACE,11160,2025-06-30
SIGUNGU,11530,11,구,true,서울특별시,구로구,서울특별시 구로구,37.4955433,126.8540602,SGIS_2025_POINT_ON_SURFACE,11170,2025-06-30
SIGUNGU,11545,11,구,true,서울특별시,금천구,서울특별시 금천구,37.4601309,126.8998085,SGIS_2025_POINT_ON_SURFACE,11180,2025-06-30
SIGUNGU,11560,11,구,true,서울특별시,영등포구,서울특별시 영등포구,37.5207612,126.9146597,SGIS_2025_POINT_ON_SURFACE,11190,2025-06-30
SIGUNGU,11590,11,구,true,서울특별시,동작구,서울특별시 동작구,37.4964440,126.9476235,SGIS_2025_POINT_ON_SURFACE,11200,2025-06-30
SIGUNGU,11620,11,구,true,서울특별시,관악구,서울특별시 관악구,37.4654831,126.9508188,SGIS_2025_POINT_ON_SURFACE,11210,2025-06-30
SIGUNGU,11650,11,구,true,서울특별시,서초구,서울특별시 서초구,37.4768786,127.0136546,SGIS_2025_POINT_ON_SURFACE,11220,2025-06-30
SIGUNGU,11680,11,구,true,서울특별시,강남구,서울특별시 강남구,37.4960058,127.0624661,SGIS_2025_POINT_ON_SURFACE,11230,2025-06-30
SIGUNGU,11710,11,구,true,서울특별시,송파구,서울특별시 송파구,37.5048645,127.1058583,SGIS_2025_POINT_ON_SURFACE,11240,2025-06-30
SIGUNGU,11740,11,구,true,서울특별시,강동구,서울특별시 강동구,37.5489056,127.1472445,SGIS_2025_POINT_ON_SURFACE,11250,2025-06-30
SIDO,12,,통합특별시,false,전남광주통합특별시,,전남광주통합특별시,34.8914813,127.0015026,SGIS_2025_SIDO_UNION_POINT_ON_SURFACE,24|36,2025-06-30
SIGUNGU,12110,12,시,true,전남광주통합특별시,목포시,전남광주통합특별시 목포시,34.8119334,126.4116302,SGIS_2025_POINT_ON_SURFACE,36010,2025-06-30
SIGUNGU,12130,12,시,true,전남광주통합특별시,여수시,전남광주통합특별시 여수시,34.7622503,127.6710019,SGIS_2025_POINT_ON_SURFACE,36020,2025-06-30
SIGUNGU,12150,12,시,true,전남광주통합특별시,순천시,전남광주통합특별시 순천시,35.0105175,127.3708901,SGIS_2025_POINT_ON_SURFACE,36030,2025-06-30
SIGUNGU,12170,12,시,true,전남광주통합특별시,나주시,전남광주통합특별시 나주시,34.9915078,126.7417714,SGIS_2025_POINT_ON_SURFACE,36040,2025-06-30
SIGUNGU,12190,12,시,true,전남광주통합특별시,광양시,전남광주통합특별시 광양시,35.0330742,127.6645020,SGIS_2025_POINT_ON_SURFACE,36060,2025-06-30
SIGUNGU,12210,12,구,true,전남광주통합특별시,동구,전남광주통합특별시 동구,35.1190538,126.9614554,SGIS_2025_POINT_ON_SURFACE,24010,2025-06-30
SIGUNGU,12240,12,구,true,전남광주통합특별시,서구,전남광주통합특별시 서구,35.1348966,126.8538884,SGIS_2025_POINT_ON_SURFACE,24020,2025-06-30
SIGUNGU,12270,12,구,true,전남광주통합특별시,남구,전남광주통합특별시 남구,35.1017973,126.8799026,SGIS_2025_POINT_ON_SURFACE,24030,2025-06-30
SIGUNGU,12300,12,구,true,전남광주통합특별시,북구,전남광주통합특별시 북구,35.1895670,126.9097147,SGIS_2025_POINT_ON_SURFACE,24040,2025-06-30
SIGUNGU,12330,12,구,true,전남광주통합특별시,광산구,전남광주통합특별시 광산구,35.1643067,126.7392898,SGIS_2025_POINT_ON_SURFACE,24050,2025-06-30
SIGUNGU,12710,12,군,true,전남광주통합특별시,담양군,전남광주통합특별시 담양군,35.2908391,126.9763258,SGIS_2025_POINT_ON_SURFACE,36510,2025-06-30
SIGUNGU,12720,12,군,true,전남광주통합특별시,곡성군,전남광주통합특별시 곡성군,35.2032617,127.2847488,SGIS_2025_POINT_ON_SURFACE,36520,2025-06-30
SIGUNGU,12730,12,군,true,전남광주통합특별시,구례군,전남광주통합특별시 구례군,35.2300447,127.5017695,SGIS_2025_POINT_ON_SURFACE,36530,2025-06-30
SIGUNGU,12740,12,군,true,전남광주통합특별시,고흥군,전남광주통합특별시 고흥군,34.6346272,127.3302244,SGIS_2025_POINT_ON_SURFACE,36550,2025-06-30
SIGUNGU,12750,12,군,true,전남광주통합특별시,보성군,전남광주통합특별시 보성군,34.8114035,127.1666351,SGIS_2025_POINT_ON_SURFACE,36560,2025-06-30
SIGUNGU,12760,12,군,true,전남광주통합특별시,화순군,전남광주통합특별시 화순군,35.0190848,127.0300275,SGIS_2025_POINT_ON_SURFACE,36570,2025-06-30
SIGUNGU,12770,12,군,true,전남광주통합특별시,장흥군,전남광주통합특별시 장흥군,34.6502606,126.9573912,SGIS_2025_POINT_ON_SURFACE,36580,2025-06-30
SIGUNGU,12780,12,군,true,전남광주통합특별시,강진군,전남광주통합특별시 강진군,34.6162826,126.7707633,SGIS_2025_POINT_ON_SURFACE,36590,2025-06-30
SIGUNGU,12790,12,군,true,전남광주통합특별시,해남군,전남광주통합특별시 해남군,34.5286885,126.5660976,SGIS_2025_POINT_ON_SURFACE,36600,2025-06-30
SIGUNGU,12800,12,군,true,전남광주통합특별시,영암군,전남광주통합특별시 영암군,34.8024270,126.6636079,SGIS_2025_POINT_ON_SURFACE,36610,2025-06-30
SIGUNGU,12810,12,군,true,전남광주통합특별시,무안군,전남광주통합특별시 무안군,34.9644869,126.4651693,SGIS_2025_POINT_ON_SURFACE,36620,2025-06-30
SIGUNGU,12820,12,군,true,전남광주통합특별시,함평군,전남광주통합특별시 함평군,35.1043456,126.5505639,SGIS_2025_POINT_ON_SURFACE,36630,2025-06-30
SIGUNGU,12830,12,군,true,전남광주통합특별시,영광군,전남광주통합특별시 영광군,35.2990707,126.4919871,SGIS_2025_POINT_ON_SURFACE,36640,2025-06-30
SIGUNGU,12840,12,군,true,전남광주통합특별시,장성군,전남광주통합특별시 장성군,35.3389991,126.7693705,SGIS_2025_POINT_ON_SURFACE,36650,2025-06-30
SIGUNGU,12850,12,군,true,전남광주통합특별시,완도군,전남광주통합특별시 완도군,34.3287038,126.8263272,SGIS_2025_POINT_ON_SURFACE,36660,2025-06-30
SIGUNGU,12860,12,군,true,전남광주통합특별시,진도군,전남광주통합특별시 진도군,34.4694995,126.2554929,SGIS_2025_POINT_ON_SURFACE,36670,2025-06-30
SIGUNGU,12870,12,군,true,전남광주통합특별시,신안군,전남광주통합특별시 신안군,34.7310575,126.1267320,SGIS_2025_POINT_ON_SURFACE,36680,2025-06-30
SIDO,26,,광역시,false,부산광역시,,부산광역시,35.2111695,129.0539550,SGIS_2025_POINT_ON_SURFACE,21,2025-06-30
SIGUNGU,26110,26,구,true,부산광역시,중구,부산광역시 중구,35.1059754,129.0316945,SGIS_2025_POINT_ON_SURFACE,21010,2025-06-30
SIGUNGU,26140,26,구,true,부산광역시,서구,부산광역시 서구,35.0957545,129.0195462,SGIS_2025_POINT_ON_SURFACE,21020,2025-06-30
SIGUNGU,26170,26,구,true,부산광역시,동구,부산광역시 동구,35.1269115,129.0449347,SGIS_2025_POINT_ON_SURFACE,21030,2025-06-30
SIGUNGU,26200,26,구,true,부산광역시,영도구,부산광역시 영도구,35.0769898,129.0639674,SGIS_2025_POINT_ON_SURFACE,21040,2025-06-30
SIGUNGU,26230,26,구,true,부산광역시,부산진구,부산광역시 부산진구,35.1675782,129.0462896,SGIS_2025_POINT_ON_SURFACE,21050,2025-06-30
SIGUNGU,26260,26,구,true,부산광역시,동래구,부산광역시 동래구,35.2051916,129.0799382,SGIS_2025_POINT_ON_SURFACE,21060,2025-06-30
SIGUNGU,26290,26,구,true,부산광역시,남구,부산광역시 남구,35.1263615,129.0896511,SGIS_2025_POINT_ON_SURFACE,21070,2025-06-30
SIGUNGU,26320,26,구,true,부산광역시,북구,부산광역시 북구,35.2318811,129.0212928,SGIS_2025_POINT_ON_SURFACE,21080,2025-06-30
SIGUNGU,26350,26,구,true,부산광역시,해운대구,부산광역시 해운대구,35.2011962,129.1443890,SGIS_2025_POINT_ON_SURFACE,21090,2025-06-30
SIGUNGU,26380,26,구,true,부산광역시,사하구,부산광역시 사하구,35.0844921,128.9759291,SGIS_2025_POINT_ON_SURFACE,21100,2025-06-30
SIGUNGU,26410,26,구,true,부산광역시,금정구,부산광역시 금정구,35.2583076,129.0898324,SGIS_2025_POINT_ON_SURFACE,21110,2025-06-30
SIGUNGU,26440,26,구,true,부산광역시,강서구,부산광역시 강서구,35.1578311,128.9178976,SGIS_2025_POINT_ON_SURFACE,21120,2025-06-30
SIGUNGU,26470,26,구,true,부산광역시,연제구,부산광역시 연제구,35.1787866,129.0853667,SGIS_2025_POINT_ON_SURFACE,21130,2025-06-30
SIGUNGU,26500,26,구,true,부산광역시,수영구,부산광역시 수영구,35.1610065,129.1134510,SGIS_2025_POINT_ON_SURFACE,21140,2025-06-30
SIGUNGU,26530,26,구,true,부산광역시,사상구,부산광역시 사상구,35.1596565,128.9862960,SGIS_2025_POINT_ON_SURFACE,21150,2025-06-30
SIGUNGU,26710,26,군,true,부산광역시,기장군,부산광역시 기장군,35.2852320,129.1931583,SGIS_2025_POINT_ON_SURFACE,21510,2025-06-30
SIDO,27,,광역시,false,대구광역시,,대구광역시,35.9649200,128.6496004,SGIS_2025_POINT_ON_SURFACE,22,2025-06-30
SIGUNGU,27110,27,구,true,대구광역시,중구,대구광역시 중구,35.8672559,128.5953746,SGIS_2025_POINT_ON_SURFACE,22010,2025-06-30
SIGUNGU,27140,27,구,true,대구광역시,동구,대구광역시 동구,35.9341351,128.6820704,SGIS_2025_POINT_ON_SURFACE,22020,2025-06-30
SIGUNGU,27170,27,구,true,대구광역시,서구,대구광역시 서구,35.8757740,128.5483825,SGIS_2025_POINT_ON_SURFACE,22030,2025-06-30
SIGUNGU,27200,27,구,true,대구광역시,남구,대구광역시 남구,35.8336233,128.5814896,SGIS_2025_POINT_ON_SURFACE,22040,2025-06-30
SIGUNGU,27230,27,구,true,대구광역시,북구,대구광역시 북구,35.9309960,128.5805759,SGIS_2025_POINT_ON_SURFACE,22050,2025-06-30
SIGUNGU,27260,27,구,true,대구광역시,수성구,대구광역시 수성구,35.8342587,128.6612006,SGIS_2025_POINT_ON_SURFACE,22060,2025-06-30
SIGUNGU,27290,27,구,true,대구광역시,달서구,대구광역시 달서구,35.8213560,128.5270504,SGIS_2025_POINT_ON_SURFACE,22070,2025-06-30
SIGUNGU,27710,27,군,true,대구광역시,달성군,대구광역시 달성군,35.8914796,128.4461131,SGIS_2025_POINT_ON_SURFACE,22510,2025-06-30
SIGUNGU,27720,27,군,true,대구광역시,군위군,대구광역시 군위군,36.1653755,128.7262793,SGIS_2025_POINT_ON_SURFACE,22520,2025-06-30
SIDO,28,,광역시,false,인천광역시,,인천광역시,37.7057229,126.4391698,SGIS_2025_POINT_ON_SURFACE,23,2025-06-30
SIGUNGU,28125,28,구,true,인천광역시,제물포구,인천광역시 제물포구,37.4622793,126.6320200,SGIS_2025_DONG_UNION_POINT_ON_SURFACE,23010520|23010530|23010540|23010560|23010570|23010580|23010670|23020510|23020520|23020530|23020550|23020570|23020580|23020590|23020600|23020610|23020630|23020640,2025-06-30
SIGUNGU,28155,28,구,true,인천광역시,영종구,인천광역시 영종구,37.4749480,126.4569932,SGIS_2025_DONG_UNION_POINT_ON_SURFACE,23010630|23010640|23010650|23010681|23010691,2025-06-30
SIGUNGU,28177,28,구,true,인천광역시,미추홀구,인천광역시 미추홀구,37.4570338,126.6649136,SGIS_2025_POINT_ON_SURFACE,23090,2025-06-30
SIGUNGU,28185,28,구,true,인천광역시,연수구,인천광역시 연수구,37.3883088,126.6424876,SGIS_2025_POINT_ON_SURFACE,23040,2025-06-30
SIGUNGU,28200,28,구,true,인천광역시,남동구,인천광역시 남동구,37.4306914,126.7383145,SGIS_2025_POINT_ON_SURFACE,23050,2025-06-30
SIGUNGU,28237,28,구,true,인천광역시,부평구,인천광역시 부평구,37.4941478,126.7167452,SGIS_2025_POINT_ON_SURFACE,23060,2025-06-30
SIGUNGU,28245,28,구,true,인천광역시,계양구,인천광역시 계양구,37.5587641,126.7361560,SGIS_2025_POINT_ON_SURFACE,23070,2025-06-30
SIGUNGU,28275,28,구,true,인천광역시,서해구,인천광역시 서해구,37.5285569,126.6450098,SGIS_2025_DONG_UNION_POINT_ON_SURFACE,23080510|23080531|23080541|23080550|23080560|23080580|23080590|23080600|23080620|23080630|23080640|23080650|23080730|23080740|23080780|23080790,2025-06-30
SIGUNGU,28290,28,구,true,인천광역시,검단구,인천광역시 검단구,37.5969569,126.6593260,SGIS_2025_DONG_UNION_POINT_ON_SURFACE,23080800|23080810|23080840|23080850|23080860|23080870|23080880,2025-06-30
SIGUNGU,28710,28,군,true,인천광역시,강화군,인천광역시 강화군,37.7057229,126.4391698,SGIS_2025_POINT_ON_SURFACE,23510,2025-06-30
SIGUNGU,28720,28,군,true,인천광역시,옹진군,인천광역시 옹진군,37.9494246,124.6731252,SGIS_2025_POINT_ON_SURFACE,23520,2025-06-30
SIDO,30,,광역시,false,대전광역시,,대전광역시,36.3416758,127.3874750,SGIS_2025_POINT_ON_SURFACE,25,2025-06-30
SIGUNGU,30110,30,구,true,대전광역시,동구,대전광역시 동구,36.3172908,127.4679233,SGIS_2025_POINT_ON_SURFACE,25010,2025-06-30
SIGUNGU,30140,30,구,true,대전광역시,중구,대전광역시 중구,36.2783607,127.4021047,SGIS_2025_POINT_ON_SURFACE,25020,2025-06-30
SIGUNGU,30170,30,구,true,대전광역시,서구,대전광역시 서구,36.2775521,127.3405265,SGIS_2025_POINT_ON_SURFACE,25030,2025-06-30
SIGUNGU,30200,30,구,true,대전광역시,유성구,대전광역시 유성구,36.3822463,127.3453350,SGIS_2025_POINT_ON_SURFACE,25040,2025-06-30
SIGUNGU,30230,30,구,true,대전광역시,대덕구,대전광역시 대덕구,36.4090665,127.4425698,SGIS_2025_POINT_ON_SURFACE,25050,2025-06-30
SIDO,31,,광역시,false,울산광역시,,울산광역시,35.5267192,129.2147662,SGIS_2025_POINT_ON_SURFACE,26,2025-06-30
SIGUNGU,31110,31,구,true,울산광역시,중구,울산광역시 중구,35.5721010,129.3048813,SGIS_2025_POINT_ON_SURFACE,26010,2025-06-30
SIGUNGU,31140,31,구,true,울산광역시,남구,울산광역시 남구,35.5038361,129.3287666,SGIS_2025_POINT_ON_SURFACE,26020,2025-06-30
SIGUNGU,31170,31,구,true,울산광역시,동구,울산광역시 동구,35.5215351,129.4243625,SGIS_2025_POINT_ON_SURFACE,26030,2025-06-30
SIGUNGU,31200,31,구,true,울산광역시,북구,울산광역시 북구,35.5974804,129.3977094,SGIS_2025_POINT_ON_SURFACE,26040,2025-06-30
SIGUNGU,31710,31,군,true,울산광역시,울주군,울산광역시 울주군,35.5274185,129.1650360,SGIS_2025_POINT_ON_SURFACE,26510,2025-06-30
SIDO,36,,특별자치시,false,세종특별자치시,,세종특별자치시,36.5702933,127.2697257,SGIS_2025_POINT_ON_SURFACE,29,2025-06-30
SIGUNGU,36110,36,특별자치시,true,세종특별자치시,세종특별자치시,세종특별자치시,36.5702933,127.2697257,SGIS_2025_POINT_ON_SURFACE,29010,2025-06-30
SIDO,41,,도,false,경기도,,경기도,37.5884751,127.4083580,SGIS_2025_POINT_ON_SURFACE,31,2025-06-30
SIGUNGU,41110,41,시,false,경기도,수원시,경기도 수원시,37.2877574,127.0101491,SGIS_2025_SIGUNGU_UNION_POINT_ON_SURFACE,31011|31012|31013|31014,2025-06-30
SIGUNGU,41111,41,구,true,경기도,수원시 장안구,경기도 수원시 장안구,37.3181288,127.0030030,SGIS_2025_POINT_ON_SURFACE,31011,2025-06-30
SIGUNGU,41113,41,구,true,경기도,수원시 권선구,경기도 수원시 권선구,37.2638917,126.9655474,SGIS_2025_POINT_ON_SURFACE,31012,2025-06-30
SIGUNGU,41115,41,구,true,경기도,수원시 팔달구,경기도 수원시 팔달구,37.2749857,127.0171794,SGIS_2025_POINT_ON_SURFACE,31013,2025-06-30
SIGUNGU,41117,41,구,true,경기도,수원시 영통구,경기도 수원시 영통구,37.2762065,127.0562132,SGIS_2025_POINT_ON_SURFACE,31014,2025-06-30
SIGUNGU,41130,41,시,false,경기도,성남시,경기도 성남시,37.4040263,127.1082564,SGIS_2025_SIGUNGU_UNION_POINT_ON_SURFACE,31021|31022|31023,2025-06-30
SIGUNGU,41131,41,구,true,경기도,성남시 수정구,경기도 성남시 수정구,37.4358377,127.1045914,SGIS_2025_POINT_ON_SURFACE,31021,2025-06-30
SIGUNGU,41133,41,구,true,경기도,성남시 중원구,경기도 성남시 중원구,37.4400006,127.1697225,SGIS_2025_POINT_ON_SURFACE,31022,2025-06-30
SIGUNGU,41135,41,구,true,경기도,성남시 분당구,경기도 성남시 분당구,37.3752167,127.0944994,SGIS_2025_POINT_ON_SURFACE,31023,2025-06-30
SIGUNGU,41150,41,시,true,경기도,의정부시,경기도 의정부시,37.7330729,127.0666515,SGIS_2025_POINT_ON_SURFACE,31030,2025-06-30
SIGUNGU,41170,41,시,false,경기도,안양시,경기도 안양시,37.4045392,126.9279168,SGIS_2025_SIGUNGU_UNION_POINT_ON_SURFACE,31041|31042,2025-06-30
SIGUNGU,41171,41,구,true,경기도,안양시 만안구,경기도 안양시 만안구,37.4045134,126.9027594,SGIS_2025_POINT_ON_SURFACE,31041,2025-06-30
SIGUNGU,41173,41,구,true,경기도,안양시 동안구,경기도 안양시 동안구,37.4011729,126.9548416,SGIS_2025_POINT_ON_SURFACE,31042,2025-06-30
SIGUNGU,41190,41,시,false,경기도,부천시,경기도 부천시,37.5062505,126.7823519,SGIS_2025_SIGUNGU_UNION_POINT_ON_SURFACE,31051|31052|31053,2025-06-30
SIGUNGU,41192,41,구,true,경기도,부천시 원미구,경기도 부천시 원미구,37.5022557,126.7826041,SGIS_2025_POINT_ON_SURFACE,31051,2025-06-30
SIGUNGU,41194,41,구,true,경기도,부천시 소사구,경기도 부천시 소사구,37.4743683,126.7906209,SGIS_2025_POINT_ON_SURFACE,31052,2025-06-30
SIGUNGU,41196,41,구,true,경기도,부천시 오정구,경기도 부천시 오정구,37.5301461,126.7926204,SGIS_2025_POINT_ON_SURFACE,31053,2025-06-30
SIGUNGU,41210,41,시,true,경기도,광명시,경기도 광명시,37.4483371,126.8674732,SGIS_2025_POINT_ON_SURFACE,31060,2025-06-30
SIGUNGU,41220,41,시,true,경기도,평택시,경기도 평택시,37.0230320,127.0037134,SGIS_2025_POINT_ON_SURFACE,31070,2025-06-30
SIGUNGU,41250,41,시,true,경기도,동두천시,경기도 동두천시,37.9205812,127.0669893,SGIS_2025_POINT_ON_SURFACE,31080,2025-06-30
SIGUNGU,41270,41,시,false,경기도,안산시,경기도 안산시,37.3220147,126.8025978,SGIS_2025_SIGUNGU_UNION_POINT_ON_SURFACE,31091|31092,2025-06-30
SIGUNGU,41271,41,구,true,경기도,안산시 상록구,경기도 안산시 상록구,37.3223585,126.8578025,SGIS_2025_POINT_ON_SURFACE,31091,2025-06-30
SIGUNGU,41273,41,구,true,경기도,안산시 단원구,경기도 안산시 단원구,37.3287685,126.7947055,SGIS_2025_POINT_ON_SURFACE,31092,2025-06-30
SIGUNGU,41280,41,시,false,경기도,고양시,경기도 고양시,37.6600020,126.8448357,SGIS_2025_SIGUNGU_UNION_POINT_ON_SURFACE,31101|31103|31104,2025-06-30
SIGUNGU,41281,41,구,true,경기도,고양시 덕양구,경기도 고양시 덕양구,37.6602102,126.8999264,SGIS_2025_POINT_ON_SURFACE,31101,2025-06-30
SIGUNGU,41285,41,구,true,경기도,고양시 일산동구,경기도 고양시 일산동구,37.6814094,126.8063940,SGIS_2025_POINT_ON_SURFACE,31103,2025-06-30
SIGUNGU,41287,41,구,true,경기도,고양시 일산서구,경기도 고양시 일산서구,37.6772218,126.7250596,SGIS_2025_POINT_ON_SURFACE,31104,2025-06-30
SIGUNGU,41290,41,시,true,경기도,과천시,경기도 과천시,37.4341944,127.0038933,SGIS_2025_POINT_ON_SURFACE,31110,2025-06-30
SIGUNGU,41310,41,시,true,경기도,구리시,경기도 구리시,37.6012407,127.1327148,SGIS_2025_POINT_ON_SURFACE,31120,2025-06-30
SIGUNGU,41360,41,시,true,경기도,남양주시,경기도 남양주시,37.6429699,127.2580036,SGIS_2025_POINT_ON_SURFACE,31130,2025-06-30
SIGUNGU,41370,41,시,true,경기도,오산시,경기도 오산시,37.1630724,127.0513050,SGIS_2025_POINT_ON_SURFACE,31140,2025-06-30
SIGUNGU,41390,41,시,true,경기도,시흥시,경기도 시흥시,37.3908349,126.8308953,SGIS_2025_POINT_ON_SURFACE,31150,2025-06-30
SIGUNGU,41410,41,시,true,경기도,군포시,경기도 군포시,37.3417967,126.9207144,SGIS_2025_POINT_ON_SURFACE,31160,2025-06-30
SIGUNGU,41430,41,시,true,경기도,의왕시,경기도 의왕시,37.3579511,126.9891898,SGIS_2025_POINT_ON_SURFACE,31170,2025-06-30
SIGUNGU,41450,41,시,true,경기도,하남시,경기도 하남시,37.5303375,127.2110935,SGIS_2025_POINT_ON_SURFACE,31180,2025-06-30
SIGUNGU,41460,41,시,false,경기도,용인시,경기도 용인시,37.2282934,127.2040548,SGIS_2025_SIGUNGU_UNION_POINT_ON_SURFACE,31191|31192|31193,2025-06-30
SIGUNGU,41461,41,구,true,경기도,용인시 처인구,경기도 용인시 처인구,37.2221065,127.2400456,SGIS_2025_POINT_ON_SURFACE,31191,2025-06-30
SIGUNGU,41463,41,구,true,경기도,용인시 기흥구,경기도 용인시 기흥구,37.2700712,127.1183223,SGIS_2025_POINT_ON_SURFACE,31192,2025-06-30
SIGUNGU,41465,41,구,true,경기도,용인시 수지구,경기도 용인시 수지구,37.3327969,127.0887517,SGIS_2025_POINT_ON_SURFACE,31193,2025-06-30
SIGUNGU,41480,41,시,true,경기도,파주시,경기도 파주시,37.8495466,126.8077640,SGIS_2025_POINT_ON_SURFACE,31200,2025-06-30
SIGUNGU,41500,41,시,true,경기도,이천시,경기도 이천시,37.2014662,127.4519963,SGIS_2025_POINT_ON_SURFACE,31210,2025-06-30
SIGUNGU,41550,41,시,true,경기도,안성시,경기도 안성시,37.0247609,127.3059003,SGIS_2025_POINT_ON_SURFACE,31220,2025-06-30
SIGUNGU,41570,41,시,true,경기도,김포시,경기도 김포시,37.6846534,126.6015558,SGIS_2025_POINT_ON_SURFACE,31230,2025-06-30
SIGUNGU,41590,41,시,false,경기도,화성시,경기도 화성시,37.1540860,126.8912592,SGIS_2025_POINT_ON_SURFACE,31240,2025-06-30
SIGUNGU,41591,41,구,true,경기도,화성시 만세구,경기도 화성시 만세구,37.1538912,126.8448243,SGIS_2025_DONG_UNION_POINT_ON_SURFACE,31240130|31240140|31240150|31240350|31240360|31240370|31240380|31240390|31240420|31240670,2025-06-30
SIGUNGU,41593,41,구,true,경기도,화성시 효행구,경기도 화성시 효행구,37.2076223,126.9231367,SGIS_2025_DONG_UNION_POINT_ON_SURFACE,31240120|31240310|31240330|31240430|31240560,2025-06-30
SIGUNGU,41595,41,구,true,경기도,화성시 병점구,경기도 화성시 병점구,37.2129570,127.0173614,SGIS_2025_DONG_UNION_POINT_ON_SURFACE,31240520|31240530|31240540|31240550|31240570,2025-06-30
SIGUNGU,41597,41,구,true,경기도,화성시 동탄구,경기도 화성시 동탄구,37.1839779,127.1151194,SGIS_2025_DONG_UNION_POINT_ON_SURFACE,31240600|31240610|31240620|31240640|31240650|31240691|31240700|31240710|31240720,2025-06-30
SIGUNGU,41610,41,시,true,경기도,광주시,경기도 광주시,37.4004581,127.2917767,SGIS_2025_POINT_ON_SURFACE,31250,2025-06-30
SIGUNGU,41630,41,시,true,경기도,양주시,경기도 양주시,37.8056931,127.0141132,SGIS_2025_POINT_ON_SURFACE,31260,2025-06-30
SIGUNGU,41650,41,시,true,경기도,포천시,경기도 포천시,37.9676679,127.2375790,SGIS_2025_POINT_ON_SURFACE,31270,2025-06-30
SIGUNGU,41670,41,시,true,경기도,여주시,경기도 여주시,37.2876271,127.6442850,SGIS_2025_POINT_ON_SURFACE,31280,2025-06-30
SIGUNGU,41800,41,군,true,경기도,연천군,경기도 연천군,38.1050993,127.0214739,SGIS_2025_POINT_ON_SURFACE,31550,2025-06-30
SIGUNGU,41820,41,군,true,경기도,가평군,경기도 가평군,37.8112458,127.4076594,SGIS_2025_POINT_ON_SURFACE,31570,2025-06-30
SIGUNGU,41830,41,군,true,경기도,양평군,경기도 양평군,37.5189959,127.5810959,SGIS_2025_POINT_ON_SURFACE,31580,2025-06-30
SIDO,43,,도,false,충청북도,,충청북도,36.6359042,127.5720191,SGIS_2025_POINT_ON_SURFACE,33,2025-06-30
SIGUNGU,43110,43,시,false,충청북도,청주시,충청북도 청주시,36.5942094,127.4677012,SGIS_2025_SIGUNGU_UNION_POINT_ON_SURFACE,33041|33042|33043|33044,2025-06-30
SIGUNGU,43111,43,구,true,충청북도,청주시 상당구,충청북도 청주시 상당구,36.5691489,127.5396957,SGIS_2025_POINT_ON_SURFACE,33041,2025-06-30
SIGUNGU,43112,43,구,true,충청북도,청주시 서원구,충청북도 청주시 서원구,36.5478651,127.4153903,SGIS_2025_POINT_ON_SURFACE,33042,2025-06-30
SIGUNGU,43113,43,구,true,충청북도,청주시 흥덕구,충청북도 청주시 흥덕구,36.6433826,127.3786930,SGIS_2025_POINT_ON_SURFACE,33043,2025-06-30
SIGUNGU,43114,43,구,true,충청북도,청주시 청원구,충청북도 청주시 청원구,36.7125600,127.5092184,SGIS_2025_POINT_ON_SURFACE,33044,2025-06-30
SIGUNGU,43130,43,시,true,충청북도,충주시,충청북도 충주시,37.0061140,127.8688611,SGIS_2025_POINT_ON_SURFACE,33020,2025-06-30
SIGUNGU,43150,43,시,true,충청북도,제천시,충청북도 제천시,37.0347537,128.1555109,SGIS_2025_POINT_ON_SURFACE,33030,2025-06-30
SIGUNGU,43720,43,군,true,충청북도,보은군,충청북도 보은군,36.4915417,127.7275562,SGIS_2025_POINT_ON_SURFACE,33520,2025-06-30
SIGUNGU,43730,43,군,true,충청북도,옥천군,충청북도 옥천군,36.3079587,127.6525226,SGIS_2025_POINT_ON_SURFACE,33530,2025-06-30
SIGUNGU,43740,43,군,true,충청북도,영동군,충청북도 영동군,36.1644826,127.7954452,SGIS_2025_POINT_ON_SURFACE,33540,2025-06-30
SIGUNGU,43745,43,군,true,충청북도,증평군,충청북도 증평군,36.7805235,127.5926588,SGIS_2025_POINT_ON_SURFACE,33590,2025-06-30
SIGUNGU,43750,43,군,true,충청북도,진천군,충청북도 진천군,36.8804478,127.4416108,SGIS_2025_POINT_ON_SURFACE,33550,2025-06-30
SIGUNGU,43760,43,군,true,충청북도,괴산군,충청북도 괴산군,36.7744678,127.8363468,SGIS_2025_POINT_ON_SURFACE,33560,2025-06-30
SIGUNGU,43770,43,군,true,충청북도,음성군,충청북도 음성군,36.9946131,127.5522736,SGIS_2025_POINT_ON_SURFACE,33570,2025-06-30
SIGUNGU,43800,43,군,true,충청북도,단양군,충청북도 단양군,36.9799178,128.3864525,SGIS_2025_POINT_ON_SURFACE,33580,2025-06-30
SIDO,44,,도,false,충청남도,,충청남도,36.5220663,126.8699606,SGIS_2025_POINT_ON_SURFACE,34,2025-06-30
SIGUNGU,44130,44,시,false,충청남도,천안시,충청남도 천안시,36.7967147,127.2560508,SGIS_2025_SIGUNGU_UNION_POINT_ON_SURFACE,34011|34012,2025-06-30
SIGUNGU,44131,44,구,true,충청남도,천안시 동남구,충청남도 천안시 동남구,36.7560086,127.2270552,SGIS_2025_POINT_ON_SURFACE,34011,2025-06-30
SIGUNGU,44133,44,구,true,충청남도,천안시 서북구,충청남도 천안시 서북구,36.8791965,127.1709436,SGIS_2025_POINT_ON_SURFACE,34012,2025-06-30
SIGUNGU,44150,44,시,true,충청남도,공주시,충청남도 공주시,36.4785532,127.0426825,SGIS_2025_POINT_ON_SURFACE,34020,2025-06-30
SIGUNGU,44180,44,시,true,충청남도,보령시,충청남도 보령시,36.3488564,126.6283302,SGIS_2025_POINT_ON_SURFACE,34030,2025-06-30
SIGUNGU,44200,44,시,true,충청남도,아산시,충청남도 아산시,36.7951925,126.9767762,SGIS_2025_POINT_ON_SURFACE,34040,2025-06-30
SIGUNGU,44210,44,시,true,충청남도,서산시,충청남도 서산시,36.8106992,126.4855151,SGIS_2025_POINT_ON_SURFACE,34050,2025-06-30
SIGUNGU,44230,44,시,true,충청남도,논산시,충청남도 논산시,36.2017834,127.1572661,SGIS_2025_POINT_ON_SURFACE,34060,2025-06-30
SIGUNGU,44250,44,시,true,충청남도,계룡시,충청남도 계룡시,36.2909780,127.2246566,SGIS_2025_POINT_ON_SURFACE,34070,2025-06-30
SIGUNGU,44270,44,시,true,충청남도,당진시,충청남도 당진시,36.9072472,126.6463735,SGIS_2025_POINT_ON_SURFACE,34080,2025-06-30
SIGUNGU,44710,44,군,true,충청남도,금산군,충청남도 금산군,36.1252656,127.4697736,SGIS_2025_POINT_ON_SURFACE,34510,2025-06-30
SIGUNGU,44760,44,군,true,충청남도,부여군,충청남도 부여군,36.2291474,126.8716836,SGIS_2025_POINT_ON_SURFACE,34530,2025-06-30
SIGUNGU,44770,44,군,true,충청남도,서천군,충청남도 서천군,36.0965631,126.7348012,SGIS_2025_POINT_ON_SURFACE,34540,2025-06-30
SIGUNGU,44790,44,군,true,충청남도,청양군,충청남도 청양군,36.4429105,126.8474137,SGIS_2025_POINT_ON_SURFACE,34550,2025-06-30
SIGUNGU,44800,44,군,true,충청남도,홍성군,충청남도 홍성군,36.5657534,126.6081454,SGIS_2025_POINT_ON_SURFACE,34560,2025-06-30
SIGUNGU,44810,44,군,true,충청남도,예산군,충청남도 예산군,36.6657320,126.8503679,SGIS_2025_POINT_ON_SURFACE,34570,2025-06-30
SIGUNGU,44825,44,군,true,충청남도,태안군,충청남도 태안군,36.7805736,126.2428869,SGIS_2025_POINT_ON_SURFACE,34580,2025-06-30
SIDO,47,,도,false,경상북도,,경상북도,36.3620705,128.6367852,SGIS_2025_POINT_ON_SURFACE,37,2025-06-30
SIGUNGU,47110,47,시,false,경상북도,포항시,경상북도 포항시,36.0880090,129.2592159,SGIS_2025_SIGUNGU_UNION_POINT_ON_SURFACE,37011|37012,2025-06-30
SIGUNGU,47111,47,구,true,경상북도,포항시 남구,경상북도 포항시 남구,35.9638805,129.4308531,SGIS_2025_POINT_ON_SURFACE,37011,2025-06-30
SIGUNGU,47113,47,구,true,경상북도,포항시 북구,경상북도 포항시 북구,36.1755716,129.1957785,SGIS_2025_POINT_ON_SURFACE,37012,2025-06-30
SIGUNGU,47130,47,시,true,경상북도,경주시,경상북도 경주시,35.8595910,129.2086565,SGIS_2025_POINT_ON_SURFACE,37020,2025-06-30
SIGUNGU,47150,47,시,true,경상북도,김천시,경상북도 김천시,36.0437329,128.0492292,SGIS_2025_POINT_ON_SURFACE,37030,2025-06-30
SIGUNGU,47170,47,시,true,경상북도,안동시,경상북도 안동시,36.5607609,128.7300046,SGIS_2025_POINT_ON_SURFACE,37040,2025-06-30
SIGUNGU,47190,47,시,true,경상북도,구미시,경상북도 구미시,36.2112924,128.3641669,SGIS_2025_POINT_ON_SURFACE,37050,2025-06-30
SIGUNGU,47210,47,시,true,경상북도,영주시,경상북도 영주시,36.8819800,128.5352856,SGIS_2025_POINT_ON_SURFACE,37060,2025-06-30
SIGUNGU,47230,47,시,true,경상북도,영천시,경상북도 영천시,36.0076244,128.9084730,SGIS_2025_POINT_ON_SURFACE,37070,2025-06-30
SIGUNGU,47250,47,시,true,경상북도,상주시,경상북도 상주시,36.4465319,128.0983433,SGIS_2025_POINT_ON_SURFACE,37080,2025-06-30
SIGUNGU,47280,47,시,true,경상북도,문경시,경상북도 문경시,36.6926290,128.1329854,SGIS_2025_POINT_ON_SURFACE,37090,2025-06-30
SIGUNGU,47290,47,시,true,경상북도,경산시,경상북도 경산시,35.8468263,128.8046530,SGIS_2025_POINT_ON_SURFACE,37100,2025-06-30
SIGUNGU,47730,47,군,true,경상북도,의성군,경상북도 의성군,36.3617332,128.5956467,SGIS_2025_POINT_ON_SURFACE,37520,2025-06-30
SIGUNGU,47750,47,군,true,경상북도,청송군,경상북도 청송군,36.3764254,129.0941617,SGIS_2025_POINT_ON_SURFACE,37530,2025-06-30
SIGUNGU,47760,47,군,true,경상북도,영양군,경상북도 영양군,36.6861260,129.1354599,SGIS_2025_POINT_ON_SURFACE,37540,2025-06-30
SIGUNGU,47770,47,군,true,경상북도,영덕군,경상북도 영덕군,36.4703636,129.2938899,SGIS_2025_POINT_ON_SURFACE,37550,2025-06-30
SIGUNGU,47820,47,군,true,경상북도,청도군,경상북도 청도군,35.7068437,128.8834943,SGIS_2025_POINT_ON_SURFACE,37560,2025-06-30
SIGUNGU,47830,47,군,true,경상북도,고령군,경상북도 고령군,35.7321610,128.3104652,SGIS_2025_POINT_ON_SURFACE,37570,2025-06-30
SIGUNGU,47840,47,군,true,경상북도,성주군,경상북도 성주군,35.9161200,128.2256857,SGIS_2025_POINT_ON_SURFACE,37580,2025-06-30
SIGUNGU,47850,47,군,true,경상북도,칠곡군,경상북도 칠곡군,36.0064574,128.4640289,SGIS_2025_POINT_ON_SURFACE,37590,2025-06-30
SIGUNGU,47900,47,군,true,경상북도,예천군,경상북도 예천군,36.6508443,128.4641178,SGIS_2025_POINT_ON_SURFACE,37600,2025-06-30
SIGUNGU,47920,47,군,true,경상북도,봉화군,경상북도 봉화군,36.9251608,128.8996465,SGIS_2025_POINT_ON_SURFACE,37610,2025-06-30
SIGUNGU,47930,47,군,true,경상북도,울진군,경상북도 울진군,36.8967128,129.2819760,SGIS_2025_POINT_ON_SURFACE,37620,2025-06-30
SIGUNGU,47940,47,군,true,경상북도,울릉군,경상북도 울릉군,37.5020455,130.8601142,SGIS_2025_POINT_ON_SURFACE,37630,2025-06-30
SIDO,48,,도,false,경상남도,,경상남도,35.3683857,128.3742292,SGIS_2025_POINT_ON_SURFACE,38,2025-06-30
SIGUNGU,48120,48,시,false,경상남도,창원시,경상남도 창원시,35.2233694,128.5983607,SGIS_2025_SIGUNGU_UNION_POINT_ON_SURFACE,38111|38112|38113|38114|38115,2025-06-30
SIGUNGU,48121,48,구,true,경상남도,창원시 의창구,경상남도 창원시 의창구,35.3050419,128.6357507,SGIS_2025_POINT_ON_SURFACE,38111,2025-06-30
SIGUNGU,48123,48,구,true,경상남도,창원시 성산구,경상남도 창원시 성산구,35.1981489,128.6707758,SGIS_2025_POINT_ON_SURFACE,38112,2025-06-30
SIGUNGU,48125,48,구,true,경상남도,창원시 마산합포구,경상남도 창원시 마산합포구,35.1390349,128.4682386,SGIS_2025_POINT_ON_SURFACE,38113,2025-06-30
SIGUNGU,48127,48,구,true,경상남도,창원시 마산회원구,경상남도 창원시 마산회원구,35.2270617,128.5440096,SGIS_2025_POINT_ON_SURFACE,38114,2025-06-30
SIGUNGU,48129,48,구,true,경상남도,창원시 진해구,경상남도 창원시 진해구,35.1193300,128.7685143,SGIS_2025_POINT_ON_SURFACE,38115,2025-06-30
SIGUNGU,48170,48,시,true,경상남도,진주시,경상남도 진주시,35.2009655,128.1279759,SGIS_2025_POINT_ON_SURFACE,38030,2025-06-30
SIGUNGU,48220,48,시,true,경상남도,통영시,경상남도 통영시,34.9031611,128.3634707,SGIS_2025_POINT_ON_SURFACE,38050,2025-06-30
SIGUNGU,48240,48,시,true,경상남도,사천시,경상남도 사천시,35.0374430,128.1082949,SGIS_2025_POINT_ON_SURFACE,38060,2025-06-30
SIGUNGU,48250,48,시,true,경상남도,김해시,경상남도 김해시,35.2730789,128.8613894,SGIS_2025_POINT_ON_SURFACE,38070,2025-06-30
SIGUNGU,48270,48,시,true,경상남도,밀양시,경상남도 밀양시,35.4938520,128.7696771,SGIS_2025_POINT_ON_SURFACE,38080,2025-06-30
SIGUNGU,48310,48,시,true,경상남도,거제시,경상남도 거제시,34.8716092,128.5900949,SGIS_2025_POINT_ON_SURFACE,38090,2025-06-30
SIGUNGU,48330,48,시,true,경상남도,양산시,경상남도 양산시,35.4027235,129.0511480,SGIS_2025_POINT_ON_SURFACE,38100,2025-06-30
SIGUNGU,48720,48,군,true,경상남도,의령군,경상남도 의령군,35.3851806,128.2861217,SGIS_2025_POINT_ON_SURFACE,38510,2025-06-30
SIGUNGU,48730,48,군,true,경상남도,함안군,경상남도 함안군,35.2827831,128.4415395,SGIS_2025_POINT_ON_SURFACE,38520,2025-06-30
SIGUNGU,48740,48,군,true,경상남도,창녕군,경상남도 창녕군,35.5268174,128.4713877,SGIS_2025_POINT_ON_SURFACE,38530,2025-06-30
SIGUNGU,48820,48,군,true,경상남도,고성군,경상남도 고성군,35.0095998,128.3210321,SGIS_2025_POINT_ON_SURFACE,38540,2025-06-30
SIGUNGU,48840,48,군,true,경상남도,남해군,경상남도 남해군,34.8240976,127.8810962,SGIS_2025_POINT_ON_SURFACE,38550,2025-06-30
SIGUNGU,48850,48,군,true,경상남도,하동군,경상남도 하동군,35.1275245,127.7944491,SGIS_2025_POINT_ON_SURFACE,38560,2025-06-30
SIGUNGU,48860,48,군,true,경상남도,산청군,경상남도 산청군,35.3972956,127.9076911,SGIS_2025_POINT_ON_SURFACE,38570,2025-06-30
SIGUNGU,48870,48,군,true,경상남도,함양군,경상남도 함양군,35.5434638,127.7208803,SGIS_2025_POINT_ON_SURFACE,38580,2025-06-30
SIGUNGU,48880,48,군,true,경상남도,거창군,경상남도 거창군,35.7123066,127.9258199,SGIS_2025_POINT_ON_SURFACE,38590,2025-06-30
SIGUNGU,48890,48,군,true,경상남도,합천군,경상남도 합천군,35.5998697,128.1679787,SGIS_2025_POINT_ON_SURFACE,38600,2025-06-30
SIDO,50,,특별자치도,false,제주특별자치도,,제주특별자치도,33.3805172,126.5474422,SGIS_2025_POINT_ON_SURFACE,39,2025-06-30
SIGUNGU,50110,50,시,true,제주특별자치도,제주시,제주특별자치도 제주시,33.4196028,126.4844745,SGIS_2025_POINT_ON_SURFACE,39010,2025-06-30
SIGUNGU,50130,50,시,true,제주특별자치도,서귀포시,제주특별자치도 서귀포시,33.3390580,126.5957228,SGIS_2025_POINT_ON_SURFACE,39020,2025-06-30
SIDO,51,,특별자치도,false,강원특별자치도,,강원특별자치도,37.8236727,128.2089912,SGIS_2025_POINT_ON_SURFACE,32,2025-06-30
SIGUNGU,51110,51,시,true,강원특별자치도,춘천시,강원특별자치도 춘천시,37.8799993,127.7870808,SGIS_2025_POINT_ON_SURFACE,32010,2025-06-30
SIGUNGU,51130,51,시,true,강원특별자치도,원주시,강원특별자치도 원주시,37.3250589,127.8997649,SGIS_2025_POINT_ON_SURFACE,32020,2025-06-30
SIGUNGU,51150,51,시,true,강원특별자치도,강릉시,강원특별자치도 강릉시,37.7096038,128.8832094,SGIS_2025_POINT_ON_SURFACE,32030,2025-06-30
SIGUNGU,51170,51,시,true,강원특별자치도,동해시,강원특별자치도 동해시,37.5157594,129.0453969,SGIS_2025_POINT_ON_SURFACE,32040,2025-06-30
SIGUNGU,51190,51,시,true,강원특별자치도,태백시,강원특별자치도 태백시,37.2036005,128.9581402,SGIS_2025_POINT_ON_SURFACE,32050,2025-06-30
SIGUNGU,51210,51,시,true,강원특별자치도,속초시,강원특별자치도 속초시,38.1750138,128.5150381,SGIS_2025_POINT_ON_SURFACE,32060,2025-06-30
SIGUNGU,51230,51,시,true,강원특별자치도,삼척시,강원특별자치도 삼척시,37.2578823,129.1737237,SGIS_2025_POINT_ON_SURFACE,32070,2025-06-30
SIGUNGU,51720,51,군,true,강원특별자치도,홍천군,강원특별자치도 홍천군,37.7476302,128.1844158,SGIS_2025_POINT_ON_SURFACE,32510,2025-06-30
SIGUNGU,51730,51,군,true,강원특별자치도,횡성군,강원특별자치도 횡성군,37.4895824,128.0998282,SGIS_2025_POINT_ON_SURFACE,32520,2025-06-30
SIGUNGU,51750,51,군,true,강원특별자치도,영월군,강원특별자치도 영월군,37.2190567,128.4555725,SGIS_2025_POINT_ON_SURFACE,32530,2025-06-30
SIGUNGU,51760,51,군,true,강원특별자치도,평창군,강원특별자치도 평창군,37.5452908,128.4414861,SGIS_2025_POINT_ON_SURFACE,32540,2025-06-30
SIGUNGU,51770,51,군,true,강원특별자치도,정선군,강원특별자치도 정선군,37.3718705,128.7028912,SGIS_2025_POINT_ON_SURFACE,32550,2025-06-30
SIGUNGU,51780,51,군,true,강원특별자치도,철원군,강원특별자치도 철원군,38.2194821,127.3504761,SGIS_2025_POINT_ON_SURFACE,32560,2025-06-30
SIGUNGU,51790,51,군,true,강원특별자치도,화천군,강원특별자치도 화천군,38.1414295,127.6869833,SGIS_2025_POINT_ON_SURFACE,32570,2025-06-30
SIGUNGU,51800,51,군,true,강원특별자치도,양구군,강원특별자치도 양구군,38.1663446,127.9888110,SGIS_2025_POINT_ON_SURFACE,32580,2025-06-30
SIGUNGU,51810,51,군,true,강원특별자치도,인제군,강원특별자치도 인제군,38.1005479,128.2541472,SGIS_2025_POINT_ON_SURFACE,32590,2025-06-30
SIGUNGU,51820,51,군,true,강원특별자치도,고성군,강원특별자치도 고성군,38.4010092,128.3583609,SGIS_2025_POINT_ON_SURFACE,32600,2025-06-30
SIGUNGU,51830,51,군,true,강원특별자치도,양양군,강원특별자치도 양양군,38.0115509,128.6224402,SGIS_2025_POINT_ON_SURFACE,32610,2025-06-30
SIDO,52,,특별자치도,false,전북특별자치도,,전북특별자치도,35.7282685,127.1228070,SGIS_2025_POINT_ON_SURFACE,35,2025-06-30
SIGUNGU,52110,52,시,false,전북특별자치도,전주시,전북특별자치도 전주시,35.8159657,127.1494635,SGIS_2025_SIGUNGU_UNION_POINT_ON_SURFACE,35011|35012,2025-06-30
SIGUNGU,52111,52,구,true,전북특별자치도,전주시 완산구,전북특별자치도 전주시 완산구,35.7860406,127.1339429,SGIS_2025_POINT_ON_SURFACE,35011,2025-06-30
SIGUNGU,52113,52,구,true,전북특별자치도,전주시 덕진구,전북특별자치도 전주시 덕진구,35.8522430,127.1254506,SGIS_2025_POINT_ON_SURFACE,35012,2025-06-30
SIGUNGU,52130,52,시,true,전북특별자치도,군산시,전북특별자치도 군산시,35.9341588,126.7465852,SGIS_2025_POINT_ON_SURFACE,35020,2025-06-30
SIGUNGU,52140,52,시,true,전북특별자치도,익산시,전북특별자치도 익산시,36.0201307,127.0048130,SGIS_2025_POINT_ON_SURFACE,35030,2025-06-30
SIGUNGU,52180,52,시,true,전북특별자치도,정읍시,전북특별자치도 정읍시,35.6102879,126.9068592,SGIS_2025_POINT_ON_SURFACE,35040,2025-06-30
SIGUNGU,52190,52,시,true,전북특별자치도,남원시,전북특별자치도 남원시,35.4316731,127.4805310,SGIS_2025_POINT_ON_SURFACE,35050,2025-06-30
SIGUNGU,52210,52,시,true,전북특별자치도,김제시,전북특별자치도 김제시,35.7918626,126.9097940,SGIS_2025_POINT_ON_SURFACE,35060,2025-06-30
SIGUNGU,52710,52,군,true,전북특별자치도,완주군,전북특별자치도 완주군,35.8746390,127.2453787,SGIS_2025_POINT_ON_SURFACE,35510,2025-06-30
SIGUNGU,52720,52,군,true,전북특별자치도,진안군,전북특별자치도 진안군,35.8241038,127.4568735,SGIS_2025_POINT_ON_SURFACE,35520,2025-06-30
SIGUNGU,52730,52,군,true,전북특별자치도,무주군,전북특별자치도 무주군,35.9283361,127.7168707,SGIS_2025_POINT_ON_SURFACE,35530,2025-06-30
SIGUNGU,52740,52,군,true,전북특별자치도,장수군,전북특별자치도 장수군,35.6529034,127.5493766,SGIS_2025_POINT_ON_SURFACE,35540,2025-06-30
SIGUNGU,52750,52,군,true,전북특별자치도,임실군,전북특별자치도 임실군,35.6188080,127.2613363,SGIS_2025_POINT_ON_SURFACE,35550,2025-06-30
SIGUNGU,52770,52,군,true,전북특별자치도,순창군,전북특별자치도 순창군,35.4282205,127.1719271,SGIS_2025_POINT_ON_SURFACE,35560,2025-06-30
SIGUNGU,52790,52,군,true,전북특별자치도,고창군,전북특별자치도 고창군,35.4388606,126.5895059,SGIS_2025_POINT_ON_SURFACE,35570,2025-06-30
SIGUNGU,52800,52,군,true,전북특별자치도,부안군,전북특별자치도 부안군,35.6935484,126.7031795,SGIS_2025_POINT_ON_SURFACE,35580,2025-06-30
